giocatore,squadra,ruolo,ruolo_fine,minuti,TPI_totale,TPI_casa,TPI_trasferta,TPI_vs_top6,TPI_vs_forti,TPI_ext_totale,totale_output_adj,totale_centralita,totale_boost_ratio,totale_consistenza,casa_output_adj,trasferta_output_adj,vs_top6_output_adj,vs_forti_output_adj,goal_tot,xg_tot_conv,conv_ratio,finishing_quality,goal_minus_xg,xg_p90,xa_p90,sos,form_ewma,form_trend,eta,eta_index,partite_disponibili,partite_giocate,n_infortuni,giorni_out,affidabilita_fisica,rank_TPI,rank_TPI_ext,rank_output_adj,rank_conv,rank_eta,rank_affidabilita,z_totale_output_adj,z_totale_centralita,z_totale_boost_ratio,z_totale_consistenza,z_conv_ratio,z_finishing,z_eta_index,z_affidabilita_fisica
Donyell Malen,Roma,ATT,CENTRAVANTI,262.0,1.5617,1.0206,1.0206,1.0206,1.0206,1.1231,0.6425,30.4363,,,,,,,6,5.53,1.085,0.1999,0.47,1.9,0.0996,1.3006,2.5448,,27.66,0.4188,4,4,0,0,,1,1,1,35,202,153,3.0,2.9312,,,0.3788,0.5692,-0.6824,
Kevin De Bruyne,Napoli,CEN,TREQUARTISTA,167.0,1.194,0.4522,0.4522,0.4522,0.4522,0.771,0.3434,21.4703,,,,,,,1,0.7,1.429,0.3586,0.3,0.377,0.7006,0.8349,0.93,,35.22,0.1026,4,4,1,0,,2,5,57,24,286,153,3.0,2.6943,,,0.3853,0.2586,-1.78,
Davide Frattesi,Lazio,CEN,MEZZALA,296.0,1.1623,0.5732,0.5732,0.5732,0.5732,0.798,0.3267,23.6652,,,,,,,3,1.74,1.724,0.9552,1.26,0.529,0.2402,1.0128,0.6,,26.98,0.4881,4,4,0,0,,3,3,58,12,177,153,3.0,3.0,,,0.7567,0.9205,-0.1095,
Franco Mastantuono,Fiorentina,ATT,ALA,295.0,1.0455,1.1391,1.1391,1.1391,1.1391,0.9748,0.554,26.129,,,,,,,3,2.23,1.345,0.5156,0.77,0.68,0.1831,1.0676,1.98,,19.09,0.6902,4,4,0,0,,4,2,9,25,111,153,1.3496,1.8579,,,0.748,1.0367,0.6679,
Paulo Dybala,Roma,ATT,TREQUARTISTA,323.0,1.0302,-0.7101,-0.7101,-0.7101,-0.7101,0.5273,0.6009,27.6828,,,,,,,0,1.63,0.0,-1.2767,-1.63,0.454,0.9697,1.3006,0.6923,,32.84,0.1405,4,4,1,102,,5,15,2,72,278,153,2.8086,2.2451,,,-1.1619,-1.6171,-2.0671,
Nicolò Barella,Inter,CEN,MEZZALA,360.0,1.0197,0.4947,0.4947,0.4947,0.4947,0.6814,0.3037,16.8854,,,,,,,1,0.62,1.613,0.4826,0.38,0.155,0.3925,1.0055,0.76,,29.6,0.2617,4,4,0,0,,6,10,60,19,241,153,2.2427,0.8989,,,0.617,0.3962,-1.0906,
Hakan Calhanoglu,Inter,CEN,MEZZALA,136.0,0.8832,0.8701,0.8701,0.8701,0.8701,0.7498,,,,,,,,,2,0.09,,6.3667,1.91,0.06,0.364,0.8566,2.3786,,32.6,0.1456,4,3,1,18,,7,6,238,197,277,153,,,,,,3.0,-1.5937,
Lassana Coulibaly,Lecce,CEN,MEZZALA,360.0,0.8746,0.8203,0.8203,0.8203,0.8203,0.7177,0.2869,20.4365,,,,,,,2,1.51,1.325,0.3988,0.49,0.378,0.0375,0.9348,1.35,,30.43,0.2166,4,4,1,0,,8,8,61,26,253,153,1.5014,2.2895,,,0.2543,0.3032,-1.286,
Antoine Hainaut,Venezia,DIF,QUINTO,357.0,0.7765,0.5215,0.5215,0.5215,0.5215,0.6187,0.2274,23.5501,,,,,,,1,0.85,1.176,0.1627,0.15,0.214,0.4134,1.2515,0.68,,24.57,0.6974,4,4,0,0,,9,11,102,31,106,153,2.6543,3.0,,,0.7349,0.6579,0.7672,
Vasilije Adzic,Sassuolo,ATT,MEZZALA,210.0,0.7572,0.5435,0.5435,0.5435,0.5435,0.7365,0.5663,20.9946,,,,,,,2,1.28,1.562,0.6364,0.72,0.549,0.2957,0.8195,0.5684,,20.35,0.7454,4,4,0,0,,10,7,4,22,59,153,1.7345,0.5786,,,1.0561,1.2155,0.9426,
Antonio Raimondo,Frosinone,ATT,CENTRAVANTI,337.0,0.7424,0.8238,0.8238,0.8238,0.8238,0.7825,0.5474,26.4261,,,,,,,4,2.25,1.778,1.1667,1.75,0.601,0.1175,0.9768,0.1946,,22.5,0.7694,4,4,0,0,,11,4,11,10,27,153,1.1462,1.932,,,1.3629,2.0007,1.062,
Giorgi Kvernadze,Frosinone,ATT,ALA,360.0,0.7249,0.8959,0.8959,0.8959,0.8959,0.7101,0.5258,24.3537,,,,,,,2,1.11,1.802,0.8448,0.89,0.277,0.3025,0.9768,0.82,,23.61,0.7417,4,4,0,0,,12,9,18,9,67,153,0.4736,1.4156,,,1.3969,1.5241,0.9242,
Ricardo Mangas,Monza,DIF,QUINTO,318.0,0.7029,0.4809,0.4809,0.4809,0.4809,0.4825,0.2146,20.3807,,,,,,,1,1.1,0.909,-0.0953,-0.1,0.311,0.2858,1.3285,1.8375,,28.5,0.342,4,4,0,0,,13,18,107,43,220,153,2.0428,2.7001,,,0.38,0.1857,-0.9141,
Tasos Douvikas,Como,ATT,CENTRAVANTI,272.0,0.6971,0.4986,0.4986,0.4986,0.4986,0.5282,0.5599,23.8369,,,,,,,2,2.75,0.727,-0.4523,-0.75,0.91,0.096,1.1488,2.088,,27.12,0.4736,4,4,0,0,,14,14,8,47,181,153,1.5349,1.2868,,,-0.1295,-0.3964,-0.4098,
Samuel Chukwueze,AC Milan,DIF,QUINTO,296.0,0.6951,0.0506,0.0506,0.0506,0.0506,0.4314,0.2344,20.0296,,,,,,,0,0.39,,-0.6245,-0.39,0.119,0.4348,0.9106,0.57,,27.32,0.4529,4,4,0,0,,15,26,95,197,191,153,2.9872,2.5482,,,,-0.783,-0.3895,
Ruben Loftus-Cheek,AC Milan,CEN,TREQUARTISTA,192.0,0.6787,0.3185,0.3185,0.3185,0.3185,0.4505,0.3043,18.2599,,,,,,,0,0.29,,-0.5385,-0.29,0.136,0.5578,0.9106,1.4813,,30.65,0.2067,4,4,1,57,,16,23,59,197,256,153,2.2712,1.4372,,,,-0.7367,-1.3289,
Emanuele Valeri,Parma Calcio 1913,DIF,TERZINO,360.0,0.6365,0.3139,0.3139,0.3139,0.3139,0.4195,0.2223,21.7363,,,,,,,0,0.04,,-0.2,-0.04,0.01,0.32,0.7042,0.64,,27.78,0.4071,4,4,0,0,,17,28,104,197,207,153,2.4111,3.0,,,,-0.006,-0.6061,
Diego Moreira,AC Milan,CEN,QUINTO,106.0,0.6278,0.6157,0.6157,0.6157,0.6157,0.5847,,,,,,,,,2,0.42,,2.438,1.58,0.357,0.0,0.5388,0.9,,22.11,0.777,4,2,0,0,,18,12,238,197,12,153,,,,,,2.5657,1.1425,
Nicolás González,Juventus,ATT,TREQUARTISTA,156.0,0.6089,0.6125,0.6125,0.6125,0.6125,0.4738,,,,,,,,,1,0.12,,2.5403,0.88,0.069,0.0692,1.0355,0.21,,28.45,0.3462,4,3,0,0,,19,19,238,197,218,153,,,,,,3.0,-1.0436,
Mattia Zaccagni,Lazio,ATT,ALA,360.0,0.6009,-0.4759,-0.4759,-0.4759,-0.4759,0.2144,0.563,27.7149,,,,,,,0,1.42,0.0,-1.1916,-1.42,0.355,0.4725,1.0128,1.1,,31.25,0.1832,4,4,0,0,,20,57,6,72,262,153,1.6312,2.2531,,,-1.1619,-1.4911,-1.8546,
Giacomo Raspadori,Atalanta,ATT,ALA,153.0,0.5818,0.5854,0.5854,0.5854,0.5854,0.4905,,,,,,,,,1,0.41,,0.9214,0.59,0.241,0.0765,0.9057,1.5231,,26.58,0.526,4,3,1,26,,21,17,238,197,160,153,,,,,,1.6375,-0.1491,
Tiago Gabriel,Lecce,DIF,CENTRALE,243.0,0.5523,0.5542,0.5542,0.5542,0.5542,0.554,0.2095,17.943,,,,,,,2,1.21,1.653,0.7182,0.79,0.448,0.0,0.9348,0.4,,21.72,0.7784,4,4,0,0,,22,13,108,17,3,153,1.802,1.6455,,,1.3691,1.6747,1.1504,
Federico Dimarco,Inter,DIF,QUINTO,265.0,0.5443,-0.0671,-0.0671,-0.0671,-0.0671,0.2842,0.2653,18.6868,,,,,,,0,0.76,0.0,-0.8718,-0.76,0.258,0.6385,1.0055,0.5684,,28.85,0.3139,4,4,0,0,,23,43,69,72,230,153,3.0,1.9673,,,-0.8285,-1.2357,-1.047,
Rolando Mandragora,Torino,CEN,MEDIANO,120.0,0.5101,0.4969,0.4969,0.4969,0.4969,0.449,,,,,,,,,1,0.1,,2.846,0.9,0.075,0.0158,0.935,0.101,,29.22,0.2867,4,3,0,0,,24,24,238,197,236,153,,,,,,3.0,-0.9822,
Matìas Soulè Malvano,Roma,ATT,TREQUARTISTA,190.0,0.5094,0.1062,0.1062,0.1062,0.1062,0.4706,0.5509,17.6383,,,,,,,2,2.02,0.99,-0.0141,-0.02,0.957,0.2368,1.3006,0.5276,,23.42,0.7461,4,4,1,64,,25,20,10,36,56,153,1.2555,-0.2576,,,0.2439,0.2524,0.9461,
Mario Hermoso,Roma,DIF,CENTRALE,340.0,0.4943,1.0885,1.0885,1.0885,1.0885,0.2823,0.1853,12.6355,,,,,,,1,0.15,,2.1947,0.85,0.04,0.2859,1.3006,0.59,,26.7,0.5145,4,4,0,0,,26,45,120,197,170,153,0.6538,-0.6507,,,,3.0,-0.0981,
Che Adams,Torino,ATT,CENTRAVANTI,196.0,0.4893,0.4929,0.4929,0.4929,0.4929,0.4183,,,,,,,,,2,0.85,2.353,1.2474,1.15,0.39,0.0689,0.9663,0.58,,30.18,0.2289,4,3,0,0,,27,29,238,5,250,153,,,,,2.1794,2.1202,-1.6273,
Armand Lauriente,Sassuolo,ATT,ALA,360.0,0.4769,-0.9908,-0.9908,-0.9908,-0.9908,0.1151,0.5702,25.4581,,,,,,,0,1.61,0.0,-1.2689,-1.61,0.402,0.3025,0.8195,0.13,,27.78,0.4071,4,4,0,0,,28,76,3,72,207,153,1.8557,1.6908,,,-1.1619,-1.6055,-0.7406,
David Romero,Parma Calcio 1913,ATT,CENTRAVANTI,107.0,0.4706,0.4742,0.4742,0.4742,0.4742,0.4006,,,,,,,,,1,0.9,1.111,0.1054,0.1,0.757,0.0,0.602,3.24,,26.67,0.5174,4,3,0,0,,29,31,238,34,166,153,,,,,0.4157,0.4293,-0.1918,
Piotr Zielinski,Inter,CEN,MEZZALA,266.0,0.461,0.3705,0.3705,0.3705,0.3705,0.3531,0.2828,13.683,,,,,,,1,0.6,1.667,0.5164,0.4,0.203,0.2673,1.0055,0.6072,,32.33,0.1518,4,4,0,0,,30,35,62,16,273,153,1.3211,-0.3551,,,0.685,0.4337,-1.5668,
Olaf Gorter,Lecce,CEN,MEZZALA,112.0,0.4584,0.4463,0.4463,0.4463,0.4463,0.4527,,,,,,,,,1,0.06,,3.8375,0.94,0.048,0.0241,0.9898,0.0551,,21.62,0.7779,4,2,0,0,,31,21,238,197,9,153,,,,,,3.0,1.1464,
Kieron Bowie,Sassuolo,ATT,CENTRAVANTI,273.0,0.4337,-0.2042,-0.2042,-0.2042,-0.2042,0.3658,0.5634,22.4124,,,,,,,1,1.51,0.662,-0.415,-0.51,0.498,0.2407,0.8195,0.4263,,23.99,0.7284,4,4,0,0,,32,34,5,50,86,153,1.6441,0.9319,,,-0.2218,-0.3412,0.858,
Jurgen Ekkelenkamp,Udinese,ATT,TREQUARTISTA,349.0,0.4304,0.8668,0.8668,0.8668,0.8668,0.3006,0.5132,20.9921,,,,,,,2,1.03,1.942,0.9558,0.97,0.266,0.1444,0.7911,0.6,,26.45,0.5384,4,4,1,37,,33,40,24,6,155,153,0.0812,0.578,,,1.5957,1.6884,-0.0874,
Assane Diao,Como,ATT,ALA,251.0,0.4286,1.0943,1.0943,1.0943,1.0943,0.401,0.5126,17.2993,,,,,,,2,0.66,3.03,1.6494,1.34,0.237,0.355,1.1488,0.2089,,21.02,0.7677,4,4,0,0,,34,30,26,1,29,153,0.0611,-0.3421,,,3.0,2.7154,1.0535,
Gustavo Varela,Monza,ATT,CENTRAVANTI,251.0,0.4258,0.4294,0.4294,0.4294,0.4294,0.4506,,,,,,,,,2,1.76,1.136,0.1809,0.24,0.631,0.3442,1.3355,1.9519,,21.63,0.7779,4,3,0,0,,35,22,238,32,9,153,,,,,0.4512,0.5411,1.1043,
Jacobo Ramón,Como,DIF,CENTRALE,360.0,0.4248,0.3725,0.3725,0.3725,0.3725,0.4452,0.1964,16.3116,,,,,,,1,1.41,0.709,-0.3453,-0.41,0.353,0.0075,1.1488,0.87,,21.69,0.7783,4,4,0,0,,36,25,112,48,4,153,1.182,0.9397,,,0.1141,-0.2719,1.1499,
Matteo Politano,Napoli,ATT,ALA,272.0,0.4194,0.7137,0.7137,0.7137,0.7137,0.2556,0.5105,17.526,,,,,,,1,0.47,,0.7731,0.53,0.156,0.2614,0.8349,0.6612,,33.12,0.135,4,4,0,0,,37,47,27,197,279,153,-0.0023,-0.2856,,,,1.4179,-2.0945,
Nico Paz,Como,ATT,TREQUARTISTA,337.0,0.4169,0.4273,0.4273,0.4273,0.4273,0.527,0.5132,20.0273,,,,,,,1,1.09,0.917,-0.0862,-0.09,0.291,0.3045,1.1488,1.3,,22.02,0.7779,4,4,0,0,,38,16,25,42,9,153,0.0808,0.3376,,,0.1403,0.1456,1.1043,
Gabriele Bracaglia,Frosinone,DIF,TERZINO,336.0,0.4154,0.5498,0.5498,0.5498,0.5498,0.3923,0.1868,16.6804,,,,,,,1,0.41,,0.9214,0.59,0.11,0.1446,0.9768,0.16,,23.16,0.7494,4,4,0,0,,39,32,119,197,46,153,0.7242,1.0993,,,,2.0467,1.0132,
Hassane Kamara,Udinese,DIF,QUINTO,360.0,0.3919,0.7496,0.7496,0.7496,0.7496,0.202,0.1869,16.4666,,,,,,,2,0.66,3.03,1.6494,1.34,0.165,0.0375,0.7911,0.05,,32.53,0.1471,4,4,0,0,,40,59,118,1,274,153,0.7275,1.0068,,,3.0,3.0,-1.8361,
Francesco Pio Esposito,Inter,ATT,CENTRAVANTI,297.0,0.3882,-0.0144,-0.0144,-0.0144,-0.0144,0.4227,0.56,19.4074,,,,,,,2,2.31,0.866,-0.204,-0.31,0.7,0.1545,1.0055,0.53,,21.22,0.7723,4,4,0,0,,41,27,7,46,24,153,1.5383,0.1832,,,0.0678,-0.0288,1.0764,
Nemanja Matic,Sassuolo,CEN,MEZZALA,338.0,0.378,-0.1749,-0.1749,-0.1749,-0.1749,0.1069,0.2696,16.2161,,,,,,,0,0.07,,-0.2646,-0.07,0.019,0.2636,0.8195,0.3,,38.12,0.0666,4,4,0,0,,42,78,66,197,289,153,0.7346,0.6368,,,,-0.4328,-1.936,
Alessandro Romano,Cagliari,CEN,MEZZALA,270.0,0.3714,0.3583,0.3583,0.3583,0.3583,0.3815,,,,,,,,,1,0.15,,2.1947,0.85,0.05,0.11,1.2872,0.09,,20.25,0.7414,4,3,0,0,,43,33,238,197,70,153,,,,,,2.2957,0.9882,
Yann Bisseck,Inter,DIF,CENTRALE,187.0,0.3559,0.3587,0.3587,0.3587,0.3587,0.3083,,,,,,,,,1,0.16,,2.1,0.84,0.077,0.0481,0.8566,0.16,,25.8,0.5994,4,3,0,0,,44,38,238,197,144,153,,,,,,3.0,0.3036,
Carlos Augusto,Inter,DIF,QUINTO,114.0,0.3513,0.3538,0.3538,0.3538,0.3538,0.2838,,,,,,,,,1,0.13,,2.4129,0.87,0.103,0.3316,1.1313,0.24,,27.69,0.4158,4,2,0,0,,45,44,238,197,204,153,,,,,,3.0,-0.565,
Samuele Birindelli,Monza,DIF,QUINTO,356.0,0.3368,0.3403,0.3403,0.3403,0.3403,0.2783,0.1875,16.7361,,,,,,,0,0.1,,-0.3162,-0.1,0.025,0.3211,1.3285,0.77,,27.16,0.4695,4,4,0,0,,46,46,116,197,182,153,0.7583,1.1234,,,,-0.2187,-0.3109,
Lazar Samardzic,Atalanta,CEN,MEZZALA,194.0,0.3259,0.2882,0.2882,0.2882,0.2882,0.3452,0.2696,17.6466,,,,,,,1,0.53,1.887,0.6456,0.47,0.246,0.0696,0.7877,0.4325,,24.56,0.698,4,4,0,0,,47,36,65,8,105,153,0.737,1.197,,,0.962,0.577,0.8001,
Adrien Rabiot,AC Milan,CEN,MEZZALA,216.0,0.3106,0.188,0.188,0.188,0.188,0.2218,0.2747,15.5012,,,,,,,1,0.59,1.695,0.5338,0.41,0.246,0.15,0.9106,0.33,,31.46,0.1761,4,4,0,0,,48,54,63,14,264,153,0.9621,0.3569,,,0.7202,0.453,-1.4615,
Jay Robinson,Monza,ATT,TREQUARTISTA,156.0,0.2961,0.2996,0.2996,0.2996,0.2996,0.3059,,,,,,,,,1,0.57,1.754,0.5695,0.43,0.329,0.0,1.2872,0.7364,,,,4,3,0,0,,49,39,238,11,298,153,,,,,1.3288,1.1165,,
Pietro Comuzzo,Torino,DIF,CENTRALE,339.0,0.2919,0.2485,0.2485,0.2485,0.2485,0.3352,0.1815,16.9951,,,,,,,1,0.63,1.587,0.4662,0.37,0.167,0.0212,0.8331,0.04,,21.57,0.7775,4,4,0,0,,50,37,122,21,11,153,0.4716,1.2354,,,1.2813,1.2135,1.1461,
Lewis Ferguson,Bologna,CEN,MEDIANO,360.0,0.281,-0.5774,-0.5774,-0.5774,-0.5774,0.0494,0.2745,18.7736,,,,,,,0,0.45,,-0.6708,-0.45,0.113,0.2475,0.9751,0.0,,27.06,0.4799,4,4,0,0,,51,88,64,197,179,153,0.951,1.6383,,,,-0.8835,-0.145,
Bremer,Juventus,DIF,CENTRALE,360.0,0.276,0.2546,0.2546,0.2546,0.2546,0.2289,0.1929,17.1266,,,,,,,1,0.62,1.613,0.4826,0.38,0.155,0.165,1.0947,0.03,,29.5,0.268,4,4,0,0,,52,51,114,19,238,153,1.015,1.2923,,,1.3159,1.2435,-1.2642,
James Abankwah,Udinese,DIF,CENTRALE,350.0,0.2726,0.7422,0.7422,0.7422,0.7422,0.219,0.166,14.0878,,,,,,,1,0.38,,1.0058,0.62,0.098,0.0051,0.7911,0.38,,22.67,0.7641,4,4,0,0,,53,55,135,197,32,153,-0.2624,-0.0224,,,,2.2012,1.0827,
Tijjani Noslin,Lazio,ATT,CENTRAVANTI,100.0,0.2634,0.267,0.267,0.267,0.267,0.2253,,,,,,,,,1,1.14,0.877,-0.1311,-0.14,1.026,0.0,1.0087,1.68,,27.2,0.4653,4,3,0,0,,54,52,238,45,185,153,,,,,0.0835,0.0791,-0.4511,
Teun Koopmeiners,Juventus,CEN,MEDIANO,103.0,0.2594,0.6273,0.6273,0.6273,0.6273,0.0969,0.2676,13.6061,,,,,,,1,0.15,,2.1947,0.85,0.131,0.3932,1.0947,0.0761,,28.55,0.3378,4,4,0,0,,55,79,68,197,221,153,0.6479,-0.3853,,,,2.2957,-0.7608,
Idrissa Gueye,Udinese,CEN,CENTRAVANTI,123.0,0.2576,0.2445,0.2445,0.2445,0.2445,0.2881,,,,,,,,,1,0.84,1.19,0.1746,0.16,0.615,0.0366,0.7743,1.0929,,20.0,0.7309,4,3,0,0,,56,42,238,30,83,153,,,,,0.0843,0.0545,0.9427,
Kian Fitz-Jim,Torino,CEN,MEZZALA,330.0,0.2504,-0.3159,-0.3159,-0.3159,-0.3159,0.185,0.2682,18.9813,,,,,,,0,0.03,,-0.1732,-0.03,0.008,0.2727,0.8331,0.03,,23.2,0.7491,4,4,0,0,,57,63,67,197,49,153,0.6729,1.7197,,,,-0.3314,1.0216,
Kaiki,Como,DIF,TERZINO,95.0,0.2467,0.2493,0.2493,0.2493,0.2493,0.2452,,,,,,,,,1,0.78,1.282,0.2491,0.22,0.739,0.1232,1.0588,0.77,,23.53,0.7437,4,2,0,0,,58,50,238,28,63,153,,,,,0.8758,0.8161,0.9862,
Cas Odenthal,Sassuolo,DIF,CENTRALE,90.0,0.2463,0.2486,0.2486,0.2486,0.2486,0.216,,,,,,,,,1,0.52,1.923,0.6656,0.48,0.52,0.01,1.2826,0.53,,25.97,0.5837,4,1,0,0,,59,56,238,7,146,153,,,,,1.728,1.5784,0.2293,
Stanislav Lobotka,Napoli,CEN,MEZZALA,353.0,0.2463,0.629,0.629,0.629,0.629,0.0683,0.2562,15.3407,,,,,,,1,0.45,,0.8199,0.55,0.115,0.102,0.8349,0.73,,31.81,0.1654,4,4,1,11,,59,84,75,197,269,153,0.143,0.294,,,,0.7704,-1.5079,
Niccolò Pisilli,Roma,CEN,MEZZALA,119.0,0.2459,0.2327,0.2327,0.2327,0.2327,0.29,,,,,,,,,2,0.71,2.817,1.5309,1.29,0.537,0.1513,1.3066,0.14,,21.98,0.7781,4,3,0,0,,61,41,238,3,6,153,,,,,2.133,1.5593,1.1473,
John Yeboah,Venezia,ATT,CENTRAVANTI,295.0,0.244,-0.1654,-0.1654,-0.1654,-0.1654,0.1659,0.529,24.0714,,,,,,,1,1.61,0.621,-0.4807,-0.61,0.491,0.299,1.2515,0.6256,,26.23,0.5593,4,4,0,0,,62,67,17,54,148,153,0.5727,1.3453,,,-0.2801,-0.4385,0.0166,
Mario Gila,AC Milan,DIF,CENTRALE,346.0,0.2284,0.0694,0.0694,0.0694,0.0694,0.1635,0.1875,15.3451,,,,,,,0,0.71,0.0,-0.8426,-0.71,0.185,0.0546,0.9106,0.76,,26.7,0.5145,4,4,0,0,,63,70,117,72,170,153,0.7582,0.5216,,,-0.8285,-1.1822,-0.0981,
Nikola Krstovic,Atalanta,ATT,,114.0,0.2276,0.1613,0.1613,0.1613,0.1613,0.2066,0.5348,19.015,,,,,,,1,0.83,1.205,0.1866,0.17,0.655,0.0474,0.7877,0.3857,,26.45,0.5384,4,4,0,0,,64,58,15,29,155,153,0.7544,0.0854,,,0.5492,0.5495,-0.0874,
Domenico Berardi,Sassuolo,ATT,ALA,139.0,0.2243,0.2279,0.2279,0.2279,0.2279,0.1905,,,,,,,,,1,0.59,1.695,0.5338,0.41,0.382,0.1295,0.6651,0.4563,,32.13,0.1568,4,3,0,0,,65,62,238,14,271,153,,,,,1.245,1.0636,-1.986,
Antonio Vergara,Napoli,CEN,MEZZALA,138.0,0.2191,0.2059,0.2059,0.2059,0.2059,0.2505,,,,,,,,,1,1.02,0.98,-0.0198,-0.02,0.665,0.3065,0.8396,1.102,,23.67,0.74,4,3,1,45,,66,48,238,37,74,153,,,,,-0.1801,-0.1612,0.9821,
Jakub Piotrowski,Udinese,CEN,MEZZALA,150.0,0.2181,0.205,0.205,0.205,0.205,0.1752,,,,,,,,,1,0.34,,1.1319,0.66,0.204,0.126,0.8038,0.3214,,28.95,0.3063,4,3,0,0,,67,64,238,197,231,153,,,,,,1.1166,-0.8973,
Davide Bartesaghi,AC Milan,DIF,QUINTO,114.0,0.2138,0.2164,0.2164,0.2164,0.2164,0.2245,,,,,,,,,0,0.0,,,0.0,0.0,0.5605,1.2824,0.45,,20.71,0.7585,4,2,0,0,,68,53,238,197,38,153,,,,,,,1.0562,
Mateo Pellegrino,Fiorentina,ATT,CENTRAVANTI,288.0,0.2104,1.5984,1.5984,1.5984,1.5984,0.0384,0.4836,16.5016,,,,,,,2,0.74,2.703,1.4647,1.26,0.231,0.0938,1.0676,1.5429,,24.9,0.6746,4,4,0,0,,69,92,45,4,119,153,-0.8415,-0.5409,,,2.6764,2.4419,0.5903,
Gonçalo Ramos,AC Milan,ATT,CENTRAVANTI,357.0,0.2087,-0.7279,-0.7279,-0.7279,-0.7279,0.0782,0.5411,23.465,,,,,,,1,2.33,0.429,-0.8713,-1.33,0.587,0.0378,0.9106,0.0621,,25.24,0.6481,4,4,0,0,,70,80,12,55,124,153,0.9486,1.1942,,,-0.5527,-1.0168,0.4585,
Gianluca Mancini,Roma,DIF,CENTRALE,333.0,0.2005,-0.217,-0.217,-0.217,-0.217,0.0304,0.2054,14.9624,,,,,,,0,0.51,0.0,-0.7141,-0.51,0.138,0.3568,1.3006,0.22,,30.41,0.2176,4,4,0,0,,71,95,109,72,252,153,1.608,0.356,,,-0.8285,-0.947,-1.5026,
Yan Couto,Como,DIF,TERZINO,332.0,0.1956,-0.0408,-0.0408,-0.0408,-0.0408,0.1658,0.1942,15.7002,,,,,,,0,0.32,,-0.5657,-0.32,0.087,0.2684,1.1488,0.38,,24.29,0.7139,4,4,0,0,,72,68,113,197,94,153,1.0773,0.6752,,,,-0.6754,0.8452,
Cristian Volpato,Sassuolo,CEN,ALA,189.0,0.1951,0.182,0.182,0.182,0.182,0.2455,,,,,,,,,1,0.25,,1.5,0.75,0.119,0.4,1.014,0.0,,22.84,0.7574,4,3,0,0,,73,49,238,197,40,153,,,,,,1.525,1.0575,
Wesley,Roma,DIF,QUINTO,243.0,0.1856,0.1884,0.1884,0.1884,0.1884,0.1974,,,,,,,,,0,0.03,,-0.1732,-0.03,0.011,0.6037,1.3945,0.82,,23.03,0.75,4,3,0,0,,74,60,238,197,45,153,,,,,,0.0431,1.016,
Lautaro Martínez,Inter,ATT,CENTRAVANTI,235.0,0.1821,0.1857,0.1857,0.1857,0.1857,0.1689,,,,,,,,,2,2.99,0.669,-0.5725,-0.99,1.145,0.18,0.8566,1.99,,29.07,0.2974,4,3,1,13,,75,66,238,49,234,153,,,,,-0.2119,-0.5744,-1.2864,
Simone Lontani,Parma Calcio 1913,ATT,TREQUARTISTA,257.0,0.1764,0.3702,0.3702,0.3702,0.3702,0.1728,0.5172,20.373,,,,,,,1,0.66,1.515,0.4185,0.34,0.231,0.1576,0.7042,0.4444,,,,4,4,0,0,,76,65,21,23,298,153,0.2051,0.4238,,,0.9894,0.8929,,
Giacomo Calo,Frosinone,CEN,MEDIANO,355.0,0.1729,-0.1883,-0.1883,-0.1883,-0.1883,0.033,0.2626,17.8006,,,,,,,0,0.36,,-0.6,-0.36,0.091,0.2003,0.9768,0.51,,29.61,0.2611,4,4,0,0,,77,93,71,197,242,153,0.4264,1.2573,,,,-0.8049,-1.0932,
Josh Doig,Sassuolo,DIF,TERZINO,327.0,0.1644,0.7301,0.7301,0.7301,0.7301,0.0692,0.164,12.4353,,,,,,,1,0.18,,1.9328,0.82,0.05,0.044,0.8195,0.05,,24.33,0.7117,4,4,0,0,,78,82,138,197,96,153,-0.3593,-0.7373,,,,3.0,0.8348,
Manuel Akanji,Inter,DIF,CENTRALE,326.0,0.159,-0.2639,-0.2639,-0.2639,-0.2639,-0.0094,0.1991,13.1225,,,,,,,0,0.5,0.0,-0.7071,-0.5,0.138,0.2071,1.0055,0.14,,31.16,0.1864,4,4,0,0,,79,117,110,72,259,153,1.3103,-0.44,,,-0.8285,-0.9342,-1.6502,
Marcus Thuram,Inter,ATT,CENTRAVANTI,134.0,0.1464,0.15,0.15,0.15,0.15,0.1389,,,,,,,,,2,3.13,0.639,-0.6387,-1.13,2.102,0.1343,1.0911,1.9268,,29.11,0.2945,4,3,0,0,,80,73,238,53,235,153,,,,,-0.2545,-0.6724,-1.3009,
Milutin Osmajic,Genoa,ATT,CENTRAVANTI,203.0,0.1409,0.1445,0.1445,0.1445,0.1445,0.1658,,,,,,,,,1,0.61,1.639,0.4993,0.39,0.27,0.2217,0.9782,0.12,,,,4,3,0,0,,81,68,238,18,298,153,,,,,1.1655,1.0125,,
Nuno Tavares,Lazio,DIF,TERZINO,255.0,0.133,-0.3068,-0.3068,-0.3068,-0.3068,0.0174,0.1991,16.2408,,,,,,,0,0.53,0.0,-0.728,-0.53,0.187,0.2012,1.0128,0.06,,26.64,0.5203,4,4,0,0,,82,100,111,72,163,153,1.3102,0.9091,,,-0.8285,-0.9725,-0.0706,
Jesús Rodriguez,Como,ATT,ALA,108.0,0.1313,0.1347,0.1347,0.1347,0.1347,0.1919,,,,,,,,,0,0.77,0.0,-0.8775,-0.77,0.642,0.225,1.3799,2.4088,,20.82,0.762,4,2,0,0,,83,61,238,72,35,153,,,,,-1.1619,-1.026,1.0252,
Andy Diouf,Inter,DIF,QUINTO,256.0,0.1284,0.1311,0.1311,0.1311,0.1311,0.149,,,,,,,,,0,0.12,,-0.3464,-0.12,0.042,0.6258,1.0038,0.76,,23.33,0.7476,4,3,0,0,,84,72,238,197,53,153,,,,,,-0.274,1.0046,
Federico Bernardeschi,Bologna,ATT,ALA,290.0,0.1212,-0.6615,-0.6615,-0.6615,-0.6615,-0.1163,0.5365,22.6711,,,,,,,0,0.64,0.0,-0.8,-0.64,0.199,0.4717,0.9751,0.0106,,32.58,0.146,4,4,0,0,,85,215,13,72,276,153,0.8073,0.9964,,,-1.1619,-0.9113,-2.0397,
Martin Baturina,Como,ATT,ALA,234.0,0.1036,1.2768,1.2768,1.2768,1.2768,-0.0003,0.486,13.5367,,,,,,,2,0.42,,2.438,1.58,0.162,0.1654,1.1488,0.3857,,23.58,0.7425,4,4,1,35,,86,112,41,197,66,153,-0.7644,-1.2796,,,,3.0,0.9281,
Matteo Cancellieri,Lazio,ATT,ALA,210.0,0.0999,0.3921,0.3921,0.3921,0.3921,0.1285,0.5184,17.5388,,,,,,,1,0.76,1.316,0.2753,0.24,0.326,0.2529,1.0128,0.765,,24.59,0.6961,4,4,0,0,,87,75,20,27,107,153,0.2422,-0.2824,,,0.7068,0.6809,0.6973,
Johan Vásquez,Genoa,DIF,CENTRALE,348.0,0.0952,0.8089,0.8089,0.8089,0.8089,-0.0637,0.1522,13.6694,,,,,,,1,0.1,,2.846,0.9,0.026,0.0155,0.9362,0.1517,,27.9,0.3956,4,4,0,0,,88,173,158,197,210,153,-0.9213,-0.2034,,,,3.0,-0.6605,
Danilo Veiga,Lecce,DIF,TERZINO,360.0,0.0794,0.7694,0.7694,0.7694,0.7694,0.0125,0.1745,15.0061,,,,,,,0,0.0,,,0.0,0.0,0.17,0.9348,0.57,,23.98,0.7289,4,4,0,0,,89,103,128,197,85,153,0.1407,0.3749,,,,,0.9162,
Éderson,Atalanta,CEN,MEZZALA,329.0,0.0755,0.913,0.913,0.913,0.913,-0.1137,0.2311,15.0401,,,,,,,1,0.13,,2.4129,0.87,0.036,0.041,0.7877,0.09,,27.2,0.4653,4,4,0,0,,90,209,97,197,185,153,-0.9682,0.1763,,,,2.5378,-0.2083,
Ivan Ilic,Lecce,CEN,MEDIANO,151.0,0.0744,0.0612,0.0612,0.0612,0.0612,0.1116,,,,,,,,,0,0.05,,-0.2236,-0.05,0.03,0.3874,0.7311,0.7809,,25.5,0.6262,4,3,0,0,,91,77,238,197,135,153,,,,,,-0.3873,0.489,
Alphadjo Cissè,AC Milan,ATT,TREQUARTISTA,233.0,0.0715,1.3003,1.3003,1.3003,1.3003,-0.0082,0.4837,13.7836,,,,,,,2,0.48,,2.1939,1.52,0.185,0.0541,0.9106,0.4443,,19.9,0.7265,4,4,0,0,,92,114,44,197,89,153,-0.8383,-1.2181,,,,3.0,0.8485,
Ridgeciano Haps,Venezia,DIF,QUINTO,262.0,0.066,-0.2122,-0.2122,-0.2122,-0.2122,-0.0441,0.1894,16.3049,,,,,,,0,0.57,0.0,-0.755,-0.57,0.196,0.1821,1.2515,0.24,,33.26,0.1324,4,4,0,0,,93,150,115,72,282,153,0.8485,0.9368,,,-0.8285,-1.0219,-1.9057,
Alessio Cacciamani,Torino,DIF,TERZINO,274.0,0.0655,-0.1772,-0.1772,-0.1772,-0.1772,0.0691,0.1778,15.8779,,,,,,,0,0.13,,-0.3606,-0.13,0.043,0.1314,0.8331,0.0,,19.22,0.696,4,4,0,0,,94,83,126,197,108,153,0.2963,0.7521,,,,-0.2999,0.7605,
Rodrigo Mora,Roma,ATT,TREQUARTISTA,170.0,0.0647,0.003,0.003,0.003,0.003,0.1536,0.5351,15.2726,,,,,,,1,1.04,0.962,-0.0392,-0.04,0.551,0.4606,1.3006,0.3094,,19.37,0.7027,4,4,0,0,,95,71,14,38,102,153,0.7628,-0.8471,,,0.2042,0.2152,0.7301,
Máximo Perrone,Como,CEN,MEDIANO,249.0,0.0501,-0.039,-0.039,-0.039,-0.039,0.1299,0.2581,13.6778,,,,,,,0,0.27,,-0.5196,-0.27,0.098,0.2205,1.1488,0.67,,23.69,0.7394,4,4,0,0,,96,74,74,197,76,153,0.2283,-0.3572,,,,-0.7157,0.9795,
Rahim Alhassane,Bologna,DIF,TERZINO,139.0,0.0381,0.0407,0.0407,0.0407,0.0407,0.0635,,,,,,,,,0,0.36,,-0.6,-0.36,0.233,0.0583,1.1244,0.6612,,24.71,0.6881,4,2,0,0,,97,86,238,197,112,153,,,,,,-0.7382,0.7232,
Franck Zambo,Napoli,CEN,MEZZALA,241.0,0.0259,0.0127,0.0127,0.0127,0.0127,0.0392,,,,,,,,,0,1.28,0.0,-1.1314,-1.28,0.478,0.0187,0.8665,1.24,,30.83,0.1991,4,3,0,0,,98,91,238,72,257,153,,,,,-1.4141,-1.3945,-1.3618,
Alessandro Bastoni,Inter,DIF,CENTRALE,334.0,0.0241,-0.1985,-0.1985,-0.1985,-0.1985,-0.0321,0.18,11.3612,,,,,,,0,0.15,,-0.3873,-0.15,0.04,0.1778,1.0055,0.0,,27.43,0.4417,4,4,1,0,,99,136,124,197,195,153,0.3982,-1.202,,,,-0.3488,-0.4425,
Vincent Sierro,Parma Calcio 1913,CEN,MEZZALA,106.0,0.0187,0.0066,0.0066,0.0066,0.0066,0.0522,,,,,,,,,0,0.05,,-0.2236,-0.05,0.042,0.3311,0.785,0.6092,,,,4,2,0,0,,100,87,238,197,298,153,,,,,,-0.3873,,
Rasmus Højlund,Napoli,ATT,CENTRAVANTI,316.0,0.0112,0.8675,0.8675,0.8675,0.8675,-0.0217,0.4958,17.0996,,,,,,,2,1.17,1.709,0.7673,0.83,0.333,0.0028,0.8349,0.9462,,23.61,0.7417,4,4,0,0,,101,126,34,13,67,153,-0.4594,-0.3919,,,1.2649,1.4093,0.9242,
Luca Ranieri,Fiorentina,DIF,CENTRALE,180.0,0.0076,0.0101,0.0101,0.0101,0.0101,0.0143,,,,,,,,,0,0.06,,-0.2449,-0.06,0.03,0.11,0.9898,0.28,,27.4,0.4448,4,2,0,0,,102,102,238,197,194,153,,,,,,-0.0882,-0.4278,
Luis Milla,Como,CEN,MEDIANO,197.0,0.0054,0.0751,0.0751,0.0751,0.0751,-0.0202,0.2617,13.3015,,,,,,,0,0.06,,-0.2449,-0.06,0.027,0.3381,1.1488,0.675,,31.94,0.1618,4,4,0,0,,103,125,72,197,270,153,0.3863,-0.5045,,,,-0.4109,-1.5235,
Mergim Vojvoda,Udinese,DIF,QUINTO,342.0,0.0041,-0.1389,-0.1389,-0.1389,-0.1389,-0.0483,0.1677,14.2038,,,,,,,0,0.07,,-0.2646,-0.07,0.018,0.0921,0.7911,0.0,,31.62,0.1711,4,4,0,0,,104,156,133,197,267,153,-0.1824,0.0278,,,,-0.1242,-1.7226,
Maxence Caqueret,Como,CEN,,86.0,-0.0002,0.5534,0.5534,0.5534,0.5534,-0.1085,0.2592,11.2791,,,,,,,0,0.0,,,0.0,0.0,0.3872,1.1488,0.6618,,26.58,0.526,4,4,0,0,,105,203,73,197,160,153,0.2777,-1.2965,,,,,0.0548,
Jacopo Fazzini,Cagliari,ATT,ALA,191.0,-0.0023,0.0013,0.0013,0.0013,0.0013,0.0682,,,,,,,,,0,0.16,,-0.4,-0.16,0.075,0.4052,1.2872,0.8571,,23.5,0.7444,4,3,0,0,,106,85,238,197,61,153,,,,,,-0.319,0.9376,
Eddy Kouadio,Monza,DIF,CENTRALE,264.0,-0.0103,-0.0076,-0.0076,-0.0076,-0.0076,0.0404,,,,,,,,,0,0.42,,-0.6481,-0.42,0.143,0.242,1.1709,0.525,,20.36,0.7458,4,3,0,0,,107,90,238,197,57,153,,,,,,-0.8262,0.9961,
Gianluca Scamacca,Atalanta,ATT,CENTRAVANTI,246.0,-0.0109,0.8711,0.8711,0.8711,0.8711,-0.191,0.483,16.995,,,,,,,1,0.33,,1.1663,0.67,0.121,0.0915,0.7877,0.4565,,27.71,0.4139,4,4,0,0,,108,259,46,197,205,153,-0.858,-0.4179,,,,2.0001,-0.7068,
Nicolo Zaniolo,Udinese,ATT,TREQUARTISTA,90.0,-0.0129,-0.0099,-0.0099,-0.0099,-0.0099,0.0036,,,,,,,,,0,0.11,,-0.3317,-0.11,0.11,0.58,0.821,0.69,,27.21,0.4643,4,1,0,0,,109,110,238,197,187,153,,,,,,-0.2179,-0.456,
Richie Sagrado,Venezia,DIF,QUINTO,149.0,-0.0135,-0.0107,-0.0107,-0.0107,-0.0107,0.0418,,,,,,,,,1,1.04,0.962,-0.0392,-0.04,0.628,0.0,1.3909,0.0507,,22.63,0.7654,4,3,0,0,,110,89,238,38,31,153,,,,,0.4504,0.2884,1.0889,
Jamil Siebert,Lecce,DIF,CENTRALE,292.0,-0.0149,-0.151,-0.151,-0.151,-0.151,0.02,0.1816,15.1724,,,,,,,0,0.09,,-0.3,-0.09,0.028,0.1911,0.9348,0.0,,24.46,0.7042,4,4,0,0,,111,97,121,197,101,153,0.4755,0.4469,,,,-0.189,0.7993,
Andrea Carboni,Monza,DIF,CENTRALE,354.0,-0.021,-0.3336,-0.3336,-0.3336,-0.3336,-0.0479,0.1783,15.2586,,,,,,,0,0.46,,-0.6782,-0.46,0.117,0.1551,1.3285,0.02,,25.61,0.6165,4,4,0,0,,112,154,125,197,138,153,0.3185,0.4842,,,,-0.8813,0.3845,
Roberto Piccoli,Bologna,ATT,CENTRAVANTI,215.0,-0.0219,-0.0184,-0.0184,-0.0184,-0.0184,0.0308,,,,,,,,,1,1.54,0.649,-0.4351,-0.54,0.645,0.0167,1.03,0.82,,25.63,0.6147,4,3,0,0,,113,94,238,51,140,153,,,,,-0.2403,-0.371,0.2923,
Jeremie Boga,Juventus,ATT,ESTERNO_C,102.0,-0.0237,-0.0201,-0.0201,-0.0201,-0.0201,-0.0066,,,,,,,,,0,0.02,,-0.1414,-0.02,0.018,0.0618,1.1375,0.3522,,29.7,0.2556,4,3,0,0,,114,113,238,197,244,153,,,,,,0.0639,-1.4944,
Andrea Colpani,Monza,ATT,TREQUARTISTA,256.0,-0.0239,0.2146,0.2146,0.2146,0.2146,-0.0605,0.5048,18.4106,,,,,,,1,1.07,0.935,-0.0677,-0.07,0.376,0.225,1.3285,0.8455,,27.35,0.4499,4,4,0,0,,115,169,30,41,193,153,-0.1809,-0.0652,,,0.1658,0.173,-0.5277,
Eddy Kouadio,Monza,DIF,CENTRALE,354.0,-0.0252,-0.3317,-0.3317,-0.3317,-0.3317,0.0011,0.1802,15.5541,,,,,,,0,0.42,,-0.6481,-0.42,0.107,0.1805,1.3285,0.0,,20.36,0.7458,4,4,0,0,,116,111,123,197,57,153,0.4083,0.612,,,,-0.8262,0.9961,
Niakhate Ndiaye,Parma Calcio 1913,DIF,CENTRALE,90.0,-0.0322,-0.0299,-0.0299,-0.0299,-0.0299,0.0067,,,,,,,,,0,0.45,,-0.6708,-0.45,0.45,0.0,1.0107,0.45,,24.44,0.7054,4,1,0,0,,117,109,238,197,100,153,,,,,,-0.8678,0.805,
Brooke Norton-Cuffy,Genoa,DIF,QUINTO,180.0,-0.0327,-0.0302,-0.0302,-0.0302,-0.0302,0.0217,,,,,,,,,0,0.04,,-0.2,-0.04,0.02,0.07,0.8258,0.1,,22.68,0.7637,4,2,0,0,,118,96,238,197,33,153,,,,,,-0.006,1.0808,
Dodô,Fiorentina,DIF,TERZINO,90.0,-0.0335,-0.0312,-0.0312,-0.0312,-0.0312,-0.0229,,,,,,,,,0,0.01,,-0.1,-0.01,0.01,0.0,0.4335,0.01,,27.83,0.4023,4,1,0,0,,119,127,238,197,209,153,,,,,,0.1771,-0.6288,
Adam Bakoune,Monza,DIF,QUINTO,119.0,-0.0385,-0.0358,-0.0358,-0.0358,-0.0358,0.0186,,,,,,,,,0,0.05,,-0.2236,-0.05,0.038,0.0,1.2872,0.1071,,20.61,0.7551,4,3,0,0,,120,99,238,197,42,153,,,,,,-0.0492,1.0401,
Sascha Britschgi,Parma Calcio 1913,DIF,QUINTO,249.0,-0.0391,-0.0364,-0.0364,-0.0364,-0.0364,0.0145,,,,,,,,,0,0.01,,-0.1,-0.01,0.004,0.0,0.602,0.0111,,20.05,0.7331,4,3,0,0,,121,101,238,197,81,153,,,,,,0.1771,0.9361,
Patrizio Masini,Frosinone,CEN,MEDIANO,298.0,-0.0402,-0.3177,-0.3177,-0.3177,-0.3177,-0.0298,0.2548,15.8962,,,,,,,0,0.05,,-0.2236,-0.05,0.015,0.2295,0.9768,0.05,,25.63,0.6147,4,4,0,0,,122,133,76,197,140,153,0.0813,0.5115,,,,-0.3873,0.4392,
Strahinja Pavlovic,AC Milan,DIF,CENTRALE,360.0,-0.0409,-0.0939,-0.0939,-0.0939,-0.0939,0.0084,0.1648,12.8987,,,,,,,0,0.45,,-0.6708,-0.45,0.113,0.0,0.9106,0.38,,25.31,0.6424,4,4,0,0,,123,108,137,197,127,153,-0.3218,-0.5368,,,,-0.8678,0.507,
Antonino Gallo,Lecce,DIF,TERZINO,228.0,-0.0424,-0.0397,-0.0397,-0.0397,-0.0397,-0.0169,,,,,,,,,0,0.01,,-0.1,-0.01,0.004,0.0355,1.1019,0.0,,26.7,0.5145,4,3,0,0,,124,122,238,197,170,153,,,,,,0.1771,-0.0981,
Marc-Oliver Kempf,Como,DIF,CENTRALE,111.0,-0.0437,-0.0412,-0.0412,-0.0412,-0.0412,-0.0319,,,,,,,,,0,0.04,,-0.2,-0.04,0.032,0.0162,1.0588,0.06,,31.63,0.1708,4,2,1,0,,125,135,238,197,268,153,,,,,,-0.006,-1.724,
Kingsley Ehizibue,Genoa,DIF,QUINTO,86.0,-0.0452,-0.0427,-0.0427,-0.0427,-0.0427,-0.0327,,,,,,,,,0,0.1,,-0.3162,-0.1,0.105,0.0942,1.0465,0.1429,,31.31,0.1811,4,2,0,0,,126,137,238,197,263,153,,,,,,-0.2187,-1.6753,
Jay Idzes,Sassuolo,DIF,CENTRALE,261.0,-0.0452,-0.0425,-0.0425,-0.0425,-0.0425,-0.0148,,,,,,,,,0,0.02,,-0.1414,-0.02,0.007,0.0276,0.6651,0.0222,,26.29,0.5536,4,3,1,0,,126,120,238,197,150,153,,,,,,0.1013,0.0869,
Eray Cömert,Torino,DIF,CENTRALE,250.0,-0.0459,-0.0431,-0.0431,-0.0431,-0.0431,-0.0398,,,,,,,,,0,0.02,,-0.1414,-0.02,0.007,0.0072,0.8331,0.02,,28.61,0.3329,4,3,0,0,,128,147,238,197,224,153,,,,,,0.1013,-0.9572,
Niccolò Fortini,Torino,DIF,TERZINO,156.0,-0.0481,-0.0454,-0.0454,-0.0454,-0.0454,0.0105,,,,,,,,,0,0.05,,-0.2236,-0.05,0.029,0.0519,0.9663,0.075,,20.59,0.7544,4,3,1,0,,129,105,238,197,43,153,,,,,,-0.0492,1.0368,
Leonardo Spinazzola,Napoli,DIF,TERZINO,300.0,-0.0516,-0.0492,-0.0492,-0.0492,-0.0492,-0.0518,0.1704,13.102,,,,,,,0,0.14,,-0.3742,-0.14,0.042,0.087,0.8349,0.22,,33.48,0.1285,4,4,0,0,,130,158,130,197,283,153,-0.0553,-0.4488,,,,-0.3248,-1.9241,
Alfonso,Lazio,DIF,TERZINO,106.0,-0.0518,-0.0491,-0.0491,-0.0491,-0.0491,-0.0361,,,,,,,,,0,0.02,,-0.1414,-0.02,0.017,0.034,1.0727,0.0,,30.44,0.2162,4,3,0,0,,131,143,238,197,254,153,,,,,,0.1013,-1.5092,
Alejandro Jiménez,Fiorentina,DIF,TERZINO,203.0,-0.0527,-0.05,-0.05,-0.05,-0.05,0.0102,,,,,,,,,0,0.35,,-0.5916,-0.35,0.155,0.0709,1.0839,0.34,,21.36,0.7748,4,3,0,0,,132,106,238,197,18,153,,,,,,-0.7228,1.1333,
Redouane Halal,Venezia,DIF,CENTRALE,133.0,-0.0531,-0.0506,-0.0506,-0.0506,-0.0506,-0.027,,,,,,,,,0,0.06,,-0.2449,-0.06,0.041,0.0,1.0526,0.06,,,,4,2,0,0,,133,131,238,197,298,153,,,,,,-0.0882,,
Leonardo Balerdi,Roma,DIF,CENTRALE,112.0,-0.0545,-0.052,-0.052,-0.052,-0.052,-0.0374,,,,,,,,,0,0.07,,-0.2646,-0.07,0.056,0.0,1.1507,0.07,,27.64,0.4207,4,2,0,0,,134,145,238,197,201,153,,,,,,-0.1242,-0.5418,
Saúl Coco,Torino,DIF,CENTRALE,309.0,-0.0578,-0.313,-0.313,-0.313,-0.313,-0.1091,0.1692,15.1951,,,,,,,0,0.4,,-0.6325,-0.4,0.117,0.0058,0.8331,0.0,,27.6,0.4247,4,4,0,0,,135,204,132,197,200,153,-0.1121,0.4567,,,,-0.7976,-0.5229,
Nadir Zortea,Bologna,DIF,TERZINO,90.0,-0.0602,-0.0577,-0.0577,-0.0577,-0.0577,-0.0378,,,,,,,,,0,0.04,,-0.2,-0.04,0.04,0.0,1.062,0.0,,27.24,0.4612,4,2,0,0,,136,146,238,197,189,153,,,,,,-0.006,-0.3502,
Benjamin Pavard,Inter,DIF,CENTRALE,117.0,-0.0602,-0.0577,-0.0577,-0.0577,-0.0577,-0.0437,,,,,,,,,0,0.04,,-0.2,-0.04,0.031,0.1,1.2316,0.0,,30.47,0.2148,4,2,0,0,,136,149,238,197,255,153,,,,,,-0.006,-1.5158,
João Mário,Fiorentina,DIF,TERZINO,175.0,-0.0632,-0.0605,-0.0605,-0.0605,-0.0605,-0.0334,,,,,,,,,0,0.0,,,0.0,0.0,0.0771,0.9081,0.1,,26.7,0.5145,4,3,0,0,,138,139,238,197,170,153,,,,,,,-0.0981,
João Mário,Fiorentina,DIF,TERZINO,175.0,-0.0632,-0.0605,-0.0605,-0.0605,-0.0605,-0.0334,,,,,,,,,0,0.0,,,0.0,0.0,0.0771,0.9081,0.1,,26.7,0.5145,4,3,0,0,,138,139,238,197,170,153,,,,,,,-0.0981,
Franck Kessié,Atalanta,CEN,MEZZALA,97.0,-0.0658,-0.078,-0.078,-0.078,-0.078,-0.024,,,,,,,,,0,0.58,0.0,-0.7616,-0.58,0.538,0.0742,0.7221,0.6828,,,,4,2,0,0,,140,130,238,72,298,153,,,,,-1.4141,-0.9842,,
Romano Floriani,Lazio,DIF,TERZINO,246.0,-0.0694,-0.0667,-0.0667,-0.0667,-0.0667,-0.018,,,,,,,,,0,0.06,,-0.2449,-0.06,0.022,0.0073,1.0727,0.02,,23.64,0.7409,4,3,0,0,,141,124,238,197,72,153,,,,,,-0.0882,0.973,
Diego Carlos,Parma Calcio 1913,DIF,CENTRALE,139.0,-0.0697,-0.0672,-0.0672,-0.0672,-0.0672,-0.0556,,,,,,,,,0,0.06,,-0.2449,-0.06,0.039,0.0,0.785,0.0,,33.51,0.1279,4,2,0,0,,142,163,238,197,284,153,,,,,,-0.0882,-1.9269,
John Stones,Inter,DIF,CENTRALE,97.0,-0.0703,-0.0675,-0.0675,-0.0675,-0.0675,-0.0547,,,,,,,,,0,0.1,,-0.3162,-0.1,0.093,0.0,1.0707,0.0714,,32.3,0.1525,4,3,0,0,,143,162,238,197,272,153,,,,,,-0.2187,-1.8106,
Joël Monteiro,Lecce,ATT,ALA,144.0,-0.0787,-0.0754,-0.0754,-0.0754,-0.0754,-0.0353,,,,,,,,,0,0.01,,-0.1,-0.01,0.006,0.0375,0.8798,0.0,,,,4,2,0,0,,144,142,238,197,298,153,,,,,,0.1252,,
Lorenzo Bernasconi,Atalanta,CEN,TERZINO,93.0,-0.0794,-0.0915,-0.0915,-0.0915,-0.0915,0.0194,,,,,,,,,0,0.04,,-0.2,-0.04,0.039,0.0194,0.9884,0.2571,,22.83,0.7579,4,2,1,0,,145,98,238,197,39,153,,,,,,-0.3611,1.0597,
Valde,Fiorentina,DIF,TERZINO,188.0,-0.0798,-0.0771,-0.0771,-0.0771,-0.0771,-0.0494,,,,,,,,,0,0.07,,-0.2646,-0.07,0.034,0.0766,0.9081,0.0,,,,4,3,0,0,,146,157,238,197,298,153,,,,,,-0.1242,,
Trevoh Chalobah,Como,DIF,CENTRALE,270.0,-0.0798,-0.0771,-0.0771,-0.0771,-0.0771,-0.052,,,,,,,,,0,0.07,,-0.2646,-0.07,0.023,0.0067,1.096,0.0,,27.2,0.4653,4,3,0,0,,146,159,238,197,185,153,,,,,,-0.1242,-0.3308,
Alessandro Romano,Cagliari,CEN,MEZZALA,360.0,-0.0807,0.699,0.699,0.699,0.699,-0.0986,0.2291,15.0385,,,,,,,1,0.17,,2.013,0.83,0.042,0.0825,1.2861,0.02,,20.25,0.7414,4,4,0,0,,148,193,100,197,70,153,-1.0531,0.1757,,,,2.0941,0.9882,
Arthur Theate,Bologna,DIF,CENTRALE,180.0,-0.0813,-0.0787,-0.0787,-0.0787,-0.0787,-0.0451,,,,,,,,,0,0.09,,-0.3,-0.09,0.045,0.0,0.8881,0.0,,26.31,0.5517,4,2,0,0,,149,153,238,197,151,153,,,,,,-0.189,0.0779,
Raoul Bellanova,Atalanta,ATT,TERZINO,191.0,-0.083,-0.0794,-0.0794,-0.0794,-0.0794,-0.0314,,,,,,,,,0,0.01,,-0.1,-0.01,0.005,0.0707,0.7282,0.01,,26.33,0.5498,4,3,0,0,,150,134,238,197,152,153,,,,,,0.1252,-0.0306,
Álex Valle,Como,DIF,TERZINO,270.0,-0.0836,-0.0808,-0.0808,-0.0808,-0.0808,-0.0154,,,,,,,,,0,0.17,,-0.4123,-0.17,0.057,0.0833,1.096,0.1,,22.39,0.7722,4,3,0,0,,151,121,238,197,25,153,,,,,,-0.3946,1.121,
Emanuele Lulli,Roma,DIF,QUINTO,324.0,-0.0855,-0.1276,-0.1276,-0.1276,-0.1276,-0.0577,0.1747,11.2006,,,,,,,0,0.06,,-0.2449,-0.06,0.017,0.2222,1.3006,0.0,,,,4,4,0,0,,152,165,127,197,298,153,0.1478,-1.2714,,,,-0.0882,,
Manuel Locatelli,Juventus,CEN,MEDIANO,270.0,-0.0864,-0.0995,-0.0995,-0.0995,-0.0995,-0.063,,,,,,,,,0,0.57,0.0,-0.755,-0.57,0.19,0.0367,1.1375,0.63,,28.69,0.3264,4,3,0,0,,153,172,238,72,227,153,,,,,-1.4141,-0.9769,-0.8102,
Niccolò Fortini,Torino,DIF,TERZINO,230.0,-0.0884,-0.1094,-0.1094,-0.1094,-0.1094,0.0086,0.1609,13.4572,,,,,,,0,0.05,,-0.2236,-0.05,0.02,0.0352,0.8331,0.0,,20.59,0.7544,4,4,0,0,,154,107,142,197,43,153,-0.5068,-0.2952,,,,-0.0492,1.0368,
Anthony Oyono,Frosinone,DIF,TERZINO,290.0,-0.0905,-0.1625,-0.1625,-0.1625,-0.1625,-0.0405,0.1702,14.0479,,,,,,,0,0.22,,-0.469,-0.22,0.068,0.0807,0.9768,0.11,,25.43,0.6322,4,4,0,0,,155,148,131,197,131,153,-0.0649,-0.0396,,,,-0.4984,0.4587,
Michael Folorunsho,Monza,CEN,MEZZALA,124.0,-0.091,-0.1031,-0.1031,-0.1031,-0.1031,-0.0661,,,,,,,,,0,0.44,,-0.6633,-0.44,0.319,0.1234,1.3799,0.53,,28.61,0.3329,4,2,0,0,,156,174,238,197,224,153,,,,,,-0.8751,-0.782,
Kristian Thorstvedt,Sassuolo,CEN,TREQUARTISTA,150.0,-0.091,-0.4691,-0.4691,-0.4691,-0.4691,-0.1541,0.264,13.2755,,,,,,,0,0.44,,-0.6633,-0.44,0.264,0.036,0.8195,0.0,,27.51,0.4337,4,4,0,0,,156,239,70,197,197,153,0.4895,-0.5147,,,,-0.8751,-0.3452,
Romano Floriani,Lazio,DIF,TERZINO,332.0,-0.0913,0.0945,0.0945,0.0945,0.0945,-0.0481,0.1632,12.6584,,,,,,,0,0.06,,-0.2449,-0.06,0.016,0.0949,1.0128,0.3453,,23.64,0.7409,4,4,0,0,,158,155,139,197,72,153,-0.3981,-0.6408,,,,-0.0882,0.973,
Jonathan Rowe,Atalanta,ATT,ALA,90.0,-0.0919,-0.0888,-0.0888,-0.0888,-0.0888,-0.0177,,,,,,,,,0,0.07,,-0.2646,-0.07,0.07,0.08,1.0107,0.15,,23.38,0.7468,4,1,0,0,,159,123,238,197,55,153,,,,,,-0.1185,0.9495,
Ilario Monterisi,Frosinone,DIF,CENTRALE,208.0,-0.092,-0.0589,-0.0589,-0.0589,-0.0589,-0.0229,0.1712,13.3198,,,,,,,0,0.21,,-0.4583,-0.21,0.091,0.0606,0.9768,0.2634,,24.74,0.6861,4,4,0,0,,160,127,129,197,113,153,-0.0182,-0.3546,,,,-0.4788,0.7137,
Roberto Piccoli,Bologna,ATT,CENTRAVANTI,276.0,-0.0957,-0.4061,-0.4061,-0.4061,-0.4061,-0.0604,0.5144,19.5314,,,,,,,1,1.54,0.649,-0.4351,-0.54,0.502,0.013,0.9751,0.0,,25.63,0.6147,4,4,0,0,,161,168,23,51,140,153,0.1174,0.2141,,,-0.2403,-0.371,0.2923,
Lloyd Kelly,Juventus,DIF,CENTRALE,145.0,-0.0984,-0.0957,-0.0957,-0.0957,-0.0957,-0.075,,,,,,,,,0,0.12,,-0.3464,-0.12,0.074,0.0,1.1818,0.0,,27.95,0.3909,4,3,0,0,,162,179,238,197,211,153,,,,,,-0.274,-0.6828,
Darryl Bakola,Sassuolo,CEN,MEZZALA,215.0,-0.0989,-0.1121,-0.1121,-0.1121,-0.1121,-0.0091,,,,,,,,,0,0.05,,-0.2236,-0.05,0.021,0.0963,0.8459,0.2314,,18.8,0.6777,4,3,0,0,,163,116,238,197,118,153,,,,,,-0.3873,0.7122,
Eivind Helland,Bologna,DIF,CENTRALE,180.0,-0.1023,-0.0998,-0.0998,-0.0998,-0.0998,-0.035,,,,,,,,,0,0.16,,-0.4,-0.16,0.08,0.0,1.062,0.0,,21.39,0.7753,4,2,0,0,,164,141,238,197,16,153,,,,,,-0.3721,1.1357,
Michael Folorunsho,Monza,CEN,MEZZALA,214.0,-0.1063,-0.1194,-0.1194,-0.1194,-0.1194,-0.0777,,,,,,,,,0,0.45,,-0.6708,-0.45,0.189,0.2818,1.5204,0.51,,28.61,0.3329,4,3,0,0,,165,181,238,197,224,153,,,,,,-0.8835,-0.782,
Luis Henrique,Inter,ATT,QUINTO,97.0,-0.1106,-0.1074,-0.1074,-0.1074,-0.1074,-0.0294,,,,,,,,,0,0.06,,-0.2449,-0.06,0.056,0.0,0.8798,0.0651,,24.76,0.6847,4,2,0,0,,166,132,238,197,115,153,,,,,,-0.0894,0.6406,
Cher Ndour,Fiorentina,CEN,MEZZALA,311.0,-0.1113,-0.1218,-0.1218,-0.1218,-0.1218,0.0753,0.249,15.1032,,,,,,,0,0.23,,-0.4796,-0.23,0.067,0.1592,1.0676,0.52,,22.14,0.7766,4,4,0,0,,167,81,78,197,13,153,-0.1739,0.201,,,,-0.6713,1.1408,
Jesper Karlström,Udinese,CEN,MEZZALA,360.0,-0.1134,0.3281,0.3281,0.3281,0.3281,-0.2492,0.2319,13.8557,,,,,,,1,0.31,,1.2393,0.69,0.077,0.0125,0.7911,0.01,,31.24,0.1835,4,4,0,0,,168,275,96,197,261,153,-0.9308,-0.2875,,,,1.2357,-1.4295,
Manga Foe Ondoa,Monza,CEN,MEZZALA,146.0,-0.121,-0.1331,-0.1331,-0.1331,-0.1331,-0.0145,,,,,,,,,0,0.1,,-0.3162,-0.1,0.062,0.0493,1.1027,0.1929,,20.76,0.7601,4,2,0,0,,169,119,238,197,37,153,,,,,,-0.49,1.0692,
Matteo Cichella,Frosinone,CEN,MEDIANO,99.0,-0.1219,-0.1341,-0.1341,-0.1341,-0.1341,-0.0141,,,,,,,,,0,0.03,,-0.1732,-0.03,0.027,0.0,0.8911,0.0931,,20.95,0.7658,4,2,0,0,,170,118,238,197,30,153,,,,,,-0.3314,1.0939,
Juan Miranda,Bologna,DIF,TERZINO,221.0,-0.1221,-0.1194,-0.1194,-0.1194,-0.1194,-0.0796,,,,,,,,,0,0.0,,,0.0,0.0,0.3136,0.8725,0.03,,26.66,0.5184,4,3,1,46,,171,184,238,197,164,153,,,,,,,-0.0796,
Gianluca Gaetano,Atalanta,CEN,MEZZALA,270.0,-0.1235,-0.1367,-0.1367,-0.1367,-0.1367,-0.0579,,,,,,,,,0,0.01,,-0.1,-0.01,0.003,0.0467,0.7133,0.07,,26.37,0.546,4,3,1,30,,172,166,238,197,154,153,,,,,,-0.2502,0.1414,
Willem Geubbels,Lecce,ATT,CENTRAVANTI,133.0,-0.1243,-0.1211,-0.1211,-0.1211,-0.1211,-0.045,,,,,,,,,0,0.26,,-0.5099,-0.26,0.176,0.0,0.9898,0.4105,,25.08,0.661,4,2,0,0,,173,152,238,197,123,153,,,,,,-0.4817,0.5226,
Josip Sutalo,Lazio,DIF,CENTRALE,86.0,-0.1252,-0.1229,-0.1229,-0.1229,-0.1229,-0.0837,,,,,,,,,0,0.0,,,0.0,0.0,0.0,0.8331,0.0,,26.55,0.5288,4,1,0,0,,174,186,238,197,158,153,,,,,,,-0.0304,
Dominik Drobnic,Parma Calcio 1913,DIF,CENTRALE,90.0,-0.1252,-0.1229,-0.1229,-0.1229,-0.1229,-0.0938,,,,,,,,,0,0.0,,,0.0,0.0,0.0,0.2361,0.0,,,,4,1,0,0,,174,191,238,197,298,153,,,,,,,,
Mehmet Zeki Çelik,Juventus,DIF,TERZINO,342.0,-0.1262,-0.0483,-0.0483,-0.0483,-0.0483,-0.1247,0.1677,13.5026,,,,,,,0,0.04,,-0.2,-0.04,0.011,0.1421,1.0947,0.09,,29.58,0.263,4,4,1,0,,176,225,134,197,239,153,-0.1847,-0.2755,,,,-0.006,-1.2878,
Scott McTominay,Napoli,CEN,MEZZALA,150.0,-0.1286,-0.1407,-0.1407,-0.1407,-0.1407,-0.0873,,,,,,,,,0,0.18,,-0.4243,-0.18,0.108,0.066,0.9232,0.24,,29.77,0.2515,4,2,1,42,,177,188,238,197,245,153,,,,,,-0.61,-1.1348,
Mikel Amondarain,Bologna,ATT,TREQUARTISTA,93.0,-0.1308,-0.1272,-0.1272,-0.1272,-0.1272,-0.0795,,,,,,,,,0,0.06,,-0.2449,-0.06,0.058,0.0097,0.9781,0.013,,,,4,3,0,0,,178,183,238,197,298,153,,,,,,-0.0894,,
Patrick Cutrone,Monza,ATT,TREQUARTISTA,109.0,-0.1312,-0.1278,-0.1278,-0.1278,-0.1278,-0.1162,,,,,,,,,0,0.64,0.0,-0.8,-0.64,0.528,0.1982,1.1027,0.83,,28.7,0.3256,4,2,0,0,,179,214,238,72,228,153,,,,,-1.1619,-0.9113,-1.1461,
Nicolo Fagioli,Fiorentina,CEN,MEZZALA,270.0,-0.1342,-0.0919,-0.0919,-0.0919,-0.0919,-0.0442,0.2474,14.2427,,,,,,,0,0.09,,-0.3,-0.09,0.03,0.1767,1.0676,0.44,,25.59,0.6183,4,4,0,0,,180,151,81,197,137,153,-0.2436,-0.136,,,,-0.4721,0.4548,
Lorenzo Lucchesi,Monza,DIF,CENTRALE,332.0,-0.1346,-0.0656,-0.0656,-0.0656,-0.0656,-0.0558,0.1626,12.5498,,,,,,,0,0.52,0.0,-0.7211,-0.52,0.141,0.0,1.3285,0.46,,23.36,0.7471,4,4,0,0,,181,164,141,72,54,153,-0.4248,-0.6877,,,-0.8285,-0.9598,1.0023,
Abdou-Salam Konate,Parma Calcio 1913,CEN,MEZZALA,93.0,-0.1347,-0.1468,-0.1468,-0.1468,-0.1468,-0.0863,,,,,,,,,0,0.01,,-0.1,-0.01,0.01,0.0,0.6234,0.0,,,,4,2,0,0,,182,187,238,197,298,153,,,,,,-0.2502,,
Weston McKennie,Juventus,CEN,TREQUARTISTA,90.0,-0.1352,-0.1463,-0.1463,-0.1463,-0.1463,-0.0951,,,,,,,,,0,0.16,,-0.4,-0.16,0.16,0.0,1.272,0.16,,28.05,0.3816,4,1,0,0,,183,192,238,197,212,153,,,,,,-0.583,-0.571,
Corrie Ndaba,Lecce,DIF,QUINTO,132.0,-0.1363,-0.1338,-0.1338,-0.1338,-0.1338,-0.0929,,,,,,,,,0,0.0,,,0.0,0.0,0.0,0.9898,0.0,,26.73,0.5117,4,2,0,0,,185,189,238,197,173,153,,,,,,,-0.1113,
Christian Kabasele,Udinese,DIF,CENTRALE,143.0,-0.1363,-0.1338,-0.1338,-0.1338,-0.1338,-0.1125,,,,,,,,,0,0.0,,,0.0,0.0,0.0,0.7972,0.0,,35.56,0.0982,4,2,0,0,,185,207,238,197,288,153,,,,,,,-2.0674,
Daniele Ghilardi,Roma,DIF,CENTRALE,117.0,-0.1363,-0.1338,-0.1338,-0.1338,-0.1338,-0.0775,,,,,,,,,0,0.0,,,0.0,0.0,0.0,1.542,0.0,,23.69,0.7394,4,2,0,0,,185,180,238,197,76,153,,,,,,,0.9659,
Nicolo Rovella,Lazio,CEN,MEZZALA,126.0,-0.1398,-0.152,-0.152,-0.152,-0.152,-0.0538,,,,,,,,,0,0.04,,-0.2,-0.04,0.029,0.0357,0.8829,0.05,,24.78,0.6833,4,2,1,118,,187,160,238,197,117,153,,,,,,-0.3611,0.7364,
Keinan Davis,Udinese,ATT,CENTRAVANTI,231.0,-0.1418,-0.1382,-0.1382,-0.1382,-0.1382,-0.1237,,,,,,,,,0,0.39,,-0.6245,-0.39,0.152,0.4208,0.7811,0.5556,,28.59,0.3345,4,3,0,0,,188,224,238,197,222,153,,,,,,-0.6514,-1.1019,
Youssef Maleh,Lecce,CEN,MEZZALA,90.0,-0.142,-0.1551,-0.1551,-0.1551,-0.1551,-0.0986,,,,,,,,,0,0.07,,-0.2646,-0.07,0.07,0.18,0.9968,0.1227,,28.07,0.3798,4,3,0,0,,189,193,238,197,213,153,,,,,,-0.4328,-0.5788,
Billy Gilmour,Napoli,CEN,MEDIANO,97.0,-0.1444,-0.1566,-0.1566,-0.1566,-0.1566,-0.0628,,,,,,,,,0,0.05,,-0.2236,-0.05,0.046,0.0,0.7467,0.05,,25.26,0.6465,4,2,0,0,,190,171,238,197,125,153,,,,,,-0.3873,0.577,
Davide Zappacosta,Atalanta,ATT,TERZINO,196.0,-0.1462,-0.1426,-0.1426,-0.1426,-0.1426,-0.1222,,,,,,,,,0,0.08,,-0.2828,-0.08,0.037,0.0,0.7133,0.0,,34.26,0.116,4,3,0,0,,191,223,238,197,285,153,,,,,,-0.1455,-2.189,
Evan Ndicka,Roma,DIF,CENTRALE,158.0,-0.1464,-0.1439,-0.1439,-0.1439,-0.1439,-0.1042,,,,,,,,,0,0.51,0.0,-0.7141,-0.51,0.291,0.0,1.1911,0.0794,,27.07,0.4789,4,2,1,0,,192,198,238,72,180,153,,,,,-0.8285,-0.947,-0.2665,
Ebenezer Akinsanmiro,Monza,CEN,MEZZALA,210.0,-0.1465,-0.1596,-0.1596,-0.1596,-0.1596,-0.0236,,,,,,,,,0,0.0,,,0.0,0.0,0.1886,1.5204,0.1256,,21.81,0.7786,4,3,0,0,,193,129,238,197,1,153,,,,,,,1.1494,
Jhon Lucumí,Juventus,DIF,CENTRALE,215.0,-0.1473,-0.1446,-0.1446,-0.1446,-0.1446,-0.1165,,,,,,,,,0,0.0,,,0.0,0.0,0.0084,1.0355,0.0,,28.22,0.3662,4,3,0,0,,196,216,238,197,216,153,,,,,,,-0.7996,
Oumar Solet,Udinese,DIF,CENTRALE,217.0,-0.1473,-0.1446,-0.1446,-0.1446,-0.1446,-0.0991,,,,,,,,,0,0.0,,,0.0,0.0,0.0498,0.8038,0.0,,26.61,0.5231,4,3,0,0,,196,195,238,197,162,153,,,,,,,-0.0574,
Ardian Ismajli,Torino,DIF,CENTRALE,161.0,-0.1473,-0.1446,-0.1446,-0.1446,-0.1446,-0.1144,,,,,,,,,0,0.0,,,0.0,0.0,0.0,0.9663,0.0,,29.96,0.2406,4,3,1,27,,196,211,238,197,249,153,,,,,,,-1.3938,
Enzo Ebosse,Udinese,DIF,CENTRALE,291.0,-0.1473,-0.275,-0.275,-0.275,-0.275,-0.1459,0.1653,13.5076,,,,,,,0,0.0,,,0.0,0.0,0.0928,0.7911,0.0,,27.52,0.4327,4,4,0,0,,196,234,136,197,198,153,-0.298,-0.2734,,,,,-0.485,
Viery,Fiorentina,DIF,CENTRALE,206.0,-0.1473,-0.1446,-0.1446,-0.1446,-0.1446,-0.0676,,,,,,,,,0,0.0,,,0.0,0.0,0.0,1.279,0.0,,21.7,0.7783,4,3,0,0,,196,176,238,197,4,153,,,,,,,1.1499,
Junior Messias,Genoa,ATT,,116.0,-0.148,-0.2283,-0.2283,-0.2283,-0.2283,-0.1629,0.5103,16.2932,,,,,,,0,0.32,,-0.5657,-0.32,0.248,0.2017,0.9362,0.5049,,35.35,0.1009,4,4,1,32,,199,243,28,197,287,153,-0.0089,-0.5928,,,,-0.5643,-2.2641,
Alex Amorim,Genoa,CEN,MEZZALA,105.0,-0.1518,-0.1405,-0.1405,-0.1405,-0.1405,0.011,0.2475,13.4195,,,,,,,0,0.02,,-0.1414,-0.02,0.017,0.0857,0.9362,0.225,,21.33,0.7743,4,4,0,0,,200,104,80,197,21,153,-0.2414,-0.4583,,,,-0.2961,1.1308,
Lorenzo Colombo,Genoa,ATT,CENTRAVANTI,304.0,-0.1542,-0.1417,-0.1417,-0.1417,-0.1417,-0.0083,0.4917,19.979,,,,,,,0,0.13,,-0.3606,-0.13,0.038,0.3079,0.9362,0.4932,,24.53,0.6999,4,4,0,0,,201,115,38,197,104,153,-0.589,0.3256,,,,-0.2607,0.7162,
Christ Inao Oulaï,Fiorentina,CEN,MEZZALA,123.0,-0.1544,-0.1675,-0.1675,-0.1675,-0.1675,-0.0371,,,,,,,,,0,0.02,,-0.1414,-0.02,0.015,0.0805,0.9081,0.0,,20.45,0.7493,4,3,0,0,,202,144,238,197,47,153,,,,,,-0.2961,1.0224,
Adrián Bernabé,Parma Calcio 1913,CEN,MEZZALA,178.0,-0.1544,-0.1675,-0.1675,-0.1675,-0.1675,-0.0672,,,,,,,,,0,0.02,,-0.1414,-0.02,0.01,0.0253,0.6893,0.0,,25.31,0.6424,4,3,2,0,,202,175,238,197,127,153,,,,,,-0.2961,0.5592,
Ndary Adopo,Cagliari,CEN,ALA,360.0,-0.155,-0.1295,-0.1295,-0.1295,-0.1295,-0.0704,0.2405,17.1204,,,,,,,0,0.16,,-0.4,-0.16,0.04,0.1725,1.2861,0.46,,26.16,0.5659,4,4,0,0,,204,178,85,197,147,153,-0.5521,0.9909,,,,-0.583,0.2277,
Bartol Franjic,Venezia,DIF,CENTRALE,137.0,-0.1577,-0.1551,-0.1551,-0.1551,-0.1551,-0.1092,,,,,,,,,0,0.44,,-0.6633,-0.44,0.289,0.0,1.3172,0.0,,26.67,0.5174,4,2,0,0,,205,205,238,197,166,153,,,,,,-0.854,-0.0843,
Giovanni Di Lorenzo,Napoli,DIF,TERZINO,360.0,-0.1588,-0.0578,-0.0578,-0.0578,-0.0578,-0.1738,0.1512,11.5563,,,,,,,0,0.01,,-0.1,-0.01,0.003,0.0325,0.8349,0.0,,33.12,0.135,4,4,1,28,,206,249,161,197,279,153,-0.968,-1.1175,,,,0.1771,-1.8934,
Nahuel Molina,Roma,CEN,QUINTO,152.0,-0.1602,-0.1734,-0.1734,-0.1734,-0.1734,-0.1184,,,,,,,,,0,0.11,,-0.3317,-0.11,0.065,0.3138,1.3676,0.11,,28.45,0.3462,4,3,0,0,,207,220,238,197,218,153,,,,,,-0.5072,-0.7244,
Farès Ghedjemis,Frosinone,ATT,ALA,104.0,-0.161,-0.1577,-0.1577,-0.1577,-0.1577,-0.0611,,,,,,,,,0,0.27,,-0.5196,-0.27,0.234,0.0433,1.2857,0.24,,24.03,0.7267,4,2,0,0,,208,170,238,197,88,153,,,,,,-0.4961,0.8495,
Thierry Correia,Venezia,DIF,QUINTO,106.0,-0.1614,-0.1587,-0.1587,-0.1587,-0.1587,-0.1203,,,,,,,,,0,0.47,,-0.6856,-0.47,0.399,0.0425,1.2447,0.0474,,27.52,0.4327,4,3,0,0,,209,222,238,197,198,153,,,,,,-0.8948,-0.485,
Alisson Santos,Napoli,ATT,ALA,180.0,-0.1617,-0.1581,-0.1581,-0.1581,-0.1581,-0.0693,,,,,,,,,0,0.23,,-0.4796,-0.23,0.115,0.06,0.8665,0.2357,,23.97,0.7293,4,3,0,0,,210,177,238,197,84,153,,,,,,-0.4369,0.8625,
Andrea Pinamonti,Lazio,ATT,CENTRAVANTI,93.0,-0.1626,-0.159,-0.159,-0.159,-0.159,-0.1153,,,,,,,,,0,0.11,,-0.3317,-0.11,0.106,0.0,1.1037,0.0,,27.33,0.4519,4,3,0,0,,211,212,238,197,192,153,,,,,,-0.2179,-0.5177,
Moise Kean,Como,ATT,CENTRAVANTI,113.0,-0.1633,-0.1597,-0.1597,-0.1597,-0.1597,-0.0995,,,,,,,,,0,0.27,,-0.5196,-0.27,0.215,0.3027,0.9221,0.2908,,26.55,0.5288,4,3,1,7,,212,196,238,197,158,153,,,,,,-0.4961,-0.1351,
Tommaso Pobega,Bologna,CEN,MEDIANO,183.0,-0.1659,-0.179,-0.179,-0.179,-0.179,-0.1037,,,,,,,,,0,0.08,,-0.2828,-0.08,0.039,0.0295,1.0196,0.059,,27.17,0.4684,4,3,0,0,,213,197,238,197,183,153,,,,,,-0.453,-0.1948,
Alexis Saelemaekers,AC Milan,ATT,TREQUARTISTA,116.0,-0.1675,-0.1639,-0.1639,-0.1639,-0.1639,-0.1168,,,,,,,,,0,0.12,,-0.3464,-0.12,0.093,1.0707,0.9337,0.0,,27.22,0.4632,4,3,0,0,,214,217,238,197,188,153,,,,,,-0.2396,-0.4615,
Unai Gómez,Udinese,ATT,TREQUARTISTA,176.0,-0.168,-0.1858,-0.1858,-0.1858,-0.1858,-0.0332,0.515,16.6406,,,,,,,0,0.25,,-0.5,-0.25,0.128,0.3017,0.7911,0.5516,,23.31,0.7478,4,4,0,0,,215,138,22,197,52,153,0.1358,-0.5062,,,,-0.4671,0.9545,
Kerim-Sam Alajbegovic,Juventus,ATT,ALA,183.0,-0.1713,-0.1677,-0.1677,-0.1677,-0.1677,-0.116,,,,,,,,,0,0.24,,-0.4899,-0.24,0.118,0.0,1.0355,0.2069,,,,4,3,0,0,,216,213,238,197,298,153,,,,,,-0.4521,,
Alieu Njie,Fiorentina,ATT,ALA,185.0,-0.1749,-0.1713,-0.1713,-0.1713,-0.1713,-0.0538,,,,,,,,,0,1.19,0.0,-1.0909,-1.19,0.579,0.4573,1.1327,1.1305,,21.34,0.7745,4,3,0,0,,217,160,238,72,19,153,,,,,-1.1619,-1.342,1.0874,
Armel Bella Kotchap,Venezia,DIF,CENTRALE,195.0,-0.1804,-0.1777,-0.1777,-0.1777,-0.1777,-0.1074,,,,,,,,,0,0.5,0.0,-0.7071,-0.5,0.231,0.0,1.3021,0.0,,24.76,0.6847,4,3,1,49,,218,200,238,72,115,153,,,,,-0.8285,-0.9342,0.7071,
Armel Bella Kotchap,Venezia,DIF,CENTRALE,195.0,-0.1804,-0.1777,-0.1777,-0.1777,-0.1777,-0.1074,,,,,,,,,0,0.5,0.0,-0.7071,-0.5,0.231,0.0,1.3021,0.0,,24.76,0.6847,4,3,0,0,,218,200,238,72,115,153,,,,,-0.8285,-0.9342,0.7071,
Nicola Zalewski,Atalanta,ATT,ALA,118.0,-0.1854,-0.1818,-0.1818,-0.1818,-0.1818,-0.0823,,,,,,,,,0,0.16,,-0.4,-0.16,0.122,0.0686,0.7133,0.0,,24.65,0.6922,4,3,0,0,,220,185,238,197,110,153,,,,,,-0.319,0.6779,
Mariano Troilo,Parma Calcio 1913,DIF,CENTRALE,358.0,-0.1891,-0.2893,-0.2893,-0.2893,-0.2893,-0.1078,0.1538,14.2055,,,,,,,0,0.0,,,0.0,0.0,0.0402,0.7042,0.0,,23.22,0.7489,4,4,0,0,,221,202,153,197,50,153,-0.8434,0.0286,,,,,1.0108,
Danilho Doekhi,Lazio,DIF,CENTRALE,270.0,-0.1899,-0.1871,-0.1871,-0.1871,-0.1871,-0.1502,,,,,,,,,0,0.97,0.0,-0.9849,-0.97,0.323,0.05,1.0727,0.18,,28.21,0.3671,4,3,0,0,,222,237,238,72,215,153,,,,,-0.8285,-1.4427,-0.7954,
Christian Ordóñez,Parma Calcio 1913,CEN,MEZZALA,204.0,-0.1916,-0.2048,-0.2048,-0.2048,-0.2048,-0.06,,,,,,,,,0,0.1,,-0.3162,-0.1,0.044,0.0176,0.6652,0.0,,22.15,0.7765,4,3,0,0,,223,167,238,197,14,153,,,,,,-0.49,1.1403,
Emil Holm,Bologna,DIF,TERZINO,270.0,-0.1941,-0.2007,-0.2007,-0.2007,-0.2007,-0.1258,0.1594,12.0612,,,,,,,0,0.17,,-0.4123,-0.17,0.057,0.01,0.9751,0.0,,26.34,0.5488,4,4,1,44,,224,227,144,197,153,153,-0.578,-0.8991,,,,-0.3946,0.0642,
Youssef Maleh,Lecce,CEN,MEZZALA,177.0,-0.2011,-0.3171,-0.3171,-0.3171,-0.3171,-0.1873,0.2526,13.51,,,,,,,0,0.23,,-0.4796,-0.23,0.117,0.0915,0.9348,0.1655,,28.07,0.3798,4,4,0,0,,225,257,77,197,213,153,-0.0153,-0.4229,,,,-0.6713,-0.5788,
Noa Lang,Napoli,ATT,ALA,125.0,-0.2019,-0.1984,-0.1984,-0.1984,-0.1984,-0.1447,,,,,,,,,0,0.3,,-0.5477,-0.3,0.216,0.1008,0.8623,0.1537,,27.25,0.4601,4,3,0,0,,226,233,238,197,190,153,,,,,,-0.5377,-0.4769,
Daniel Maldini,Cagliari,ATT,TREQUARTISTA,318.0,-0.2026,-0.0093,-0.0093,-0.0093,-0.0093,-0.0933,0.4822,20.5111,,,,,,,1,0.88,1.136,0.1279,0.12,0.249,0.1528,1.2861,0.0225,,24.93,0.6724,4,4,0,0,,227,190,48,32,120,153,-0.8826,0.4582,,,0.4512,0.4626,0.5794,
Zé Pedro,Cagliari,DIF,TERZINO,318.0,-0.2027,-0.2913,-0.2913,-0.2913,-0.2913,-0.1904,0.1603,14.4436,,,,,,,0,0.34,,-0.5831,-0.34,0.096,0.017,1.2861,0.0,,29.28,0.2826,4,4,0,0,,228,258,143,197,237,153,-0.5361,0.1316,,,,-0.7072,-1.1951,
Enrico Del Prato,Parma Calcio 1913,DIF,TERZINO,360.0,-0.2041,-0.1754,-0.1754,-0.1754,-0.1754,-0.1492,0.1566,14.5301,,,,,,,0,0.13,,-0.3606,-0.13,0.033,0.02,0.7042,0.02,,26.85,0.5003,4,4,0,0,,229,236,146,197,175,153,-0.709,0.169,,,,-0.2999,-0.1652,
Estupiñán,AC Milan,DIF,QUINTO,205.0,-0.2081,-0.122,-0.122,-0.122,-0.122,-0.2041,0.1628,11.3372,,,,,,,0,0.08,,-0.2828,-0.08,0.035,0.0307,0.9106,0.0188,,28.65,0.3296,4,4,0,0,,230,260,140,197,226,153,-0.4188,-1.2123,,,,-0.1575,-0.9728,
Sead Kolasinac,Atalanta,DIF,TERZINO,240.0,-0.2106,-0.0577,-0.0577,-0.0577,-0.0577,-0.232,0.1538,13.3459,,,,,,,0,0.02,,-0.1414,-0.02,0.007,0.0,0.7877,0.0261,,33.24,0.1327,4,4,0,0,,231,267,154,197,281,153,-0.8436,-0.3433,,,,0.1013,-1.9042,
Leo Østigard,Genoa,DIF,CENTRALE,336.0,-0.2138,-0.101,-0.101,-0.101,-0.101,-0.1771,0.1521,13.5444,,,,,,,0,0.12,,-0.3464,-0.12,0.032,0.0054,0.9362,0.12,,26.8,0.5051,4,4,0,0,,232,251,159,197,174,153,-0.9231,-0.2574,,,,-0.274,-0.1425,
Adam Obert,Cagliari,DIF,TERZINO,360.0,-0.2179,-0.1427,-0.1427,-0.1427,-0.1427,-0.1168,0.1565,14.3246,,,,,,,0,0.15,,-0.3873,-0.15,0.038,0.0575,1.2861,0.09,,24.07,0.7249,4,4,0,0,,233,217,147,197,90,153,-0.7146,0.0801,,,,-0.3488,0.8973,
Kialonda Gaspar,Lecce,DIF,CENTRALE,248.0,-0.2192,-0.2164,-0.2164,-0.2164,-0.2164,-0.1803,,,,,,,,,0,0.77,0.0,-0.8775,-0.77,0.279,0.0,0.9968,0.0,,28.97,0.3048,4,3,1,0,,234,255,238,72,233,153,,,,,-0.8285,-1.2461,-1.0901,
Mikael Ellertsson,Genoa,DIF,QUINTO,353.0,-0.2206,-0.1307,-0.1307,-0.1307,-0.1307,-0.1289,0.1554,14.1692,,,,,,,0,0.11,,-0.3317,-0.11,0.028,0.0331,0.9362,0.0651,,24.52,0.7005,4,4,0,0,,235,229,148,197,103,153,-0.768,0.0129,,,,-0.2471,0.7818,
Djibril Sow,Genoa,CEN,MEZZALA,235.0,-0.2239,-0.2411,-0.2411,-0.2411,-0.2411,-0.1754,0.2402,14.544,,,,,,,0,0.1,,-0.3162,-0.1,0.038,0.0766,0.9362,0.2085,,29.61,0.2611,4,4,0,0,,236,250,86,197,242,153,-0.5646,-0.018,,,,-0.49,-1.0932,
Charles De Ketelaere,Atalanta,ATT,ALA,265.0,-0.2248,-0.1639,-0.1639,-0.1639,-0.1639,-0.1097,0.4935,18.7543,,,,,,,0,0.07,,-0.2646,-0.07,0.024,0.2649,0.7877,0.28,,25.52,0.6244,4,4,1,0,,237,206,36,197,136,153,-0.5314,0.0204,,,,-0.1185,0.3405,
Kenneth Taylor,Lazio,CEN,MEZZALA,346.0,-0.2255,-0.2657,-0.2657,-0.2657,-0.2657,-0.0781,0.2354,13.1776,,,,,,,0,0.05,,-0.2236,-0.05,0.013,0.1197,1.0128,0.1421,,24.34,0.7111,4,4,0,0,,238,182,93,197,98,153,-0.7741,-0.5531,,,,-0.3873,0.8569,
Rafa Marín,Napoli,DIF,CENTRALE,351.0,-0.2265,-0.1261,-0.1261,-0.1261,-0.1261,-0.1336,0.1548,11.8761,,,,,,,0,0.1,,-0.3162,-0.1,0.026,0.0256,0.8349,0.06,,24.33,0.7117,4,4,0,0,,239,231,151,197,96,153,-0.7951,-0.9792,,,,-0.2187,0.8348,
Koni de Winter,AC Milan,DIF,CENTRALE,360.0,-0.2361,-0.2206,-0.2206,-0.2206,-0.2206,-0.1185,0.1524,11.4933,,,,,,,0,0.18,,-0.4243,-0.18,0.045,0.0,0.9106,0.0,,24.26,0.7155,4,4,0,0,,240,221,156,197,93,153,-0.9086,-1.1448,,,,-0.4165,0.8528,
Arthur Atta,Fiorentina,ATT,TREQUARTISTA,268.0,-0.2383,-0.6889,-0.6889,-0.6889,-0.6889,-0.1644,0.5005,18.1152,,,,,,,0,1.06,0.0,-1.0296,-1.06,0.356,0.094,1.0676,0.2758,,23.67,0.74,4,4,0,0,,241,244,31,72,74,153,-0.3154,-0.1388,,,-1.1619,-1.2512,0.9157,
Ebenezer Akinsanmiro,Monza,CEN,MEZZALA,124.0,-0.2387,-0.2509,-0.2509,-0.2509,-0.2509,-0.1044,,,,,,,,,0,0.0,,,0.0,0.0,0.2323,1.3799,0.0,,21.81,0.7786,4,2,0,0,,243,199,238,197,1,153,,,,,,,1.1494,
Toma Basic,Venezia,CEN,MEZZALA,155.0,-0.2387,-0.2509,-0.2509,-0.2509,-0.2509,-0.1793,,,,,,,,,0,0.0,,,0.0,0.0,0.3252,1.3172,0.0,,29.81,0.2491,4,2,1,15,,243,253,238,197,246,153,,,,,,,-1.1452,
Toma Basic,Venezia,CEN,MEZZALA,155.0,-0.2387,-0.2509,-0.2509,-0.2509,-0.2509,-0.1793,,,,,,,,,0,0.0,,,0.0,0.0,0.3252,1.3172,0.0,,29.81,0.2491,4,2,0,0,,243,253,238,197,246,153,,,,,,,-1.1452,
Santiago Castro,Roma,ATT,,98.0,-0.2459,-0.6624,-0.6624,-0.6624,-0.6624,-0.1357,0.5295,12.5192,,,,,,,0,1.07,0.0,-1.0344,-1.07,0.983,0.1194,1.3006,0.0281,,21.99,0.7781,4,4,0,0,,245,232,16,72,6,153,0.5889,-1.5331,,,-1.1619,-1.2583,1.1053,
Seydou Fini,Frosinone,ATT,ALA,172.0,-0.255,-0.2515,-0.2515,-0.2515,-0.2515,-0.131,,,,,,,,,0,0.37,,-0.6083,-0.37,0.194,0.0,0.9606,0.0,,20.29,0.743,4,3,0,0,,246,230,238,197,64,153,,,,,,-0.6274,0.9306,
Lucas Da Cunha,Como,CEN,MEDIANO,274.0,-0.2557,-0.2994,-0.2994,-0.2994,-0.2994,-0.1288,0.2422,12.0786,,,,,,,0,0.23,,-0.4796,-0.23,0.076,0.1018,1.1488,0.2415,,25.27,0.6457,4,4,0,0,,247,228,84,197,126,153,-0.4772,-0.9834,,,,-0.6713,0.5735,
Luca Lipani,Sassuolo,CEN,MEZZALA,119.0,-0.2581,-0.2712,-0.2712,-0.2712,-0.2712,-0.1141,,,,,,,,,0,0.0,,,0.0,0.0,0.0,0.6651,0.0,,21.33,0.7743,4,3,0,0,,250,210,238,197,21,153,,,,,,,1.1308,
Petar Sucic,Inter,CEN,MEZZALA,152.0,-0.2581,-0.2712,-0.2712,-0.2712,-0.2712,-0.1173,,,,,,,,,0,0.0,,,0.0,0.0,0.0355,0.8566,0.0,,22.89,0.7552,4,3,0,0,,250,219,238,197,41,153,,,,,,,1.048,
Simon Sohm,Venezia,CEN,MEZZALA,154.0,-0.2581,-0.2712,-0.2712,-0.2712,-0.2712,-0.151,,,,,,,,,0,0.0,,,0.0,0.0,0.0175,1.0682,0.0,,25.43,0.6322,4,3,0,0,,250,238,238,197,131,153,,,,,,,0.515,
Reda Belahyane,Lazio,CEN,MEZZALA,234.0,-0.2581,-0.2712,-0.2712,-0.2712,-0.2712,-0.1135,,,,,,,,,0,0.0,,,0.0,0.0,0.0538,1.1037,0.0,,22.29,0.7743,4,3,0,0,,250,208,238,197,21,153,,,,,,,1.1308,
Eljif Elmas,Atalanta,CEN,ALA,107.0,-0.2581,-0.2712,-0.2712,-0.2712,-0.2712,-0.1737,,,,,,,,,0,0.0,,,0.0,0.0,0.0,0.7133,0.0,,26.98,0.4881,4,3,0,0,,250,248,238,197,177,153,,,,,,,-0.1095,
Torbjørn Heggem,Bologna,DIF,CENTRALE,360.0,-0.2619,-0.1582,-0.1582,-0.1582,-0.1582,-0.2345,0.1553,12.386,,,,,,,0,0.09,,-0.3,-0.09,0.022,0.0425,0.9751,0.0,,27.68,0.4168,4,4,0,0,,253,271,149,197,203,153,-0.7716,-0.7586,,,,-0.189,-0.5603,
Simone Cinquegrano,Sassuolo,DIF,TERZINO,360.0,-0.2677,-0.2321,-0.2321,-0.2321,-0.2321,-0.1251,0.1569,11.9627,,,,,,,0,0.2,,-0.4472,-0.2,0.05,0.0125,0.8195,0.0,,22.23,0.7753,4,4,0,0,,254,226,145,197,16,153,-0.6956,-0.9417,,,,-0.4585,1.1357,
Giorgio Cittadini,Frosinone,DIF,CENTRALE,235.0,-0.2679,-0.0992,-0.0992,-0.0992,-0.0992,-0.2594,0.1549,11.5835,,,,,,,0,0.04,,-0.2,-0.04,0.015,0.0,0.9768,0.0,,,,4,4,0,0,,255,279,150,197,298,153,-0.7928,-1.1058,,,,-0.006,,
Douglas Luiz,Juventus,CEN,MEDIANO,341.0,-0.268,-0.4308,-0.4308,-0.4308,-0.4308,-0.2674,0.2482,15.0039,,,,,,,0,0.24,,-0.4899,-0.24,0.063,0.1663,1.0947,0.08,,28.36,0.3539,4,4,0,0,,256,281,79,197,217,153,-0.2085,0.1621,,,,-0.6828,-0.691,
Giovanni Simeone,Torino,ATT,CENTRAVANTI,252.0,-0.2683,-0.4658,-0.4658,-0.4658,-0.4658,-0.2831,0.4988,18.4227,,,,,,,0,0.86,0.0,-0.9274,-0.86,0.307,0.0286,0.8331,0.61,,31.2,0.185,4,4,0,0,,257,284,32,72,260,153,-0.3669,-0.0622,,,-1.1619,-1.0999,-1.8457,
Alessandro Deiola,Cagliari,DIF,CENTRALE,355.0,-0.2719,-0.2628,-0.2628,-0.2628,-0.2628,-0.232,0.153,13.6108,,,,,,,0,0.26,,-0.5099,-0.26,0.066,0.0,1.2861,0.0,,31.13,0.1875,4,4,1,0,,258,267,155,197,258,153,-0.8824,-0.2287,,,,-0.5732,-1.645,
Giorgio Scalvini,Atalanta,DIF,CENTRALE,360.0,-0.2728,-0.0945,-0.0945,-0.0945,-0.0945,-0.1666,0.1458,13.4111,,,,,,,0,0.03,,-0.1732,-0.03,0.007,0.0,0.7877,0.0,,22.77,0.7603,4,4,0,0,,259,246,169,197,36,153,-1.2246,-0.3151,,,,0.0431,1.0647,
Nikola Stulic,Lecce,ATT,CENTRAVANTI,213.0,-0.2744,-0.8439,-0.8439,-0.8439,-0.8439,-0.2352,0.5216,18.6079,,,,,,,0,1.33,0.0,-1.1533,-1.33,0.562,0.0,0.9348,0.0,,25.02,0.6656,4,4,0,0,,260,272,19,72,122,153,0.3435,-0.016,,,-1.1619,-1.4344,0.5455,
Amir Rrahmani,Napoli,DIF,CENTRALE,360.0,-0.275,-0.1042,-0.1042,-0.1042,-0.1042,-0.2924,0.1507,11.503,,,,,,,0,0.06,,-0.2449,-0.06,0.015,0.0175,0.8349,0.04,,32.56,0.1465,4,4,1,163,,261,285,162,197,275,153,-0.9918,-1.1406,,,,-0.0882,-1.8389,
Patrick Cutrone,Monza,ATT,TREQUARTISTA,133.0,-0.2773,-0.2737,-0.2737,-0.2737,-0.2737,-0.233,,,,,,,,,0,0.71,0.0,-0.8426,-0.71,0.48,0.1624,1.3355,0.2625,,28.7,0.3256,4,3,0,0,,262,269,238,72,228,153,,,,,-1.1619,-0.9743,-1.1461,
Seydou Fini,Frosinone,ATT,ALA,187.0,-0.2784,0.0749,0.0749,0.0749,0.0749,-0.1597,0.4918,14.72,,,,,,,0,0.37,,-0.6083,-0.37,0.178,0.1107,0.9768,1.38,,20.29,0.743,4,4,0,0,,263,242,37,197,64,153,-0.5839,-0.9848,,,,-0.6274,0.9306,
Radu Dragusin,Fiorentina,DIF,CENTRALE,360.0,-0.2798,-0.1886,-0.1886,-0.1886,-0.1886,-0.1774,0.1512,11.8762,,,,,,,0,0.13,,-0.3606,-0.13,0.033,0.0125,1.0676,0.0,,24.62,0.6941,4,4,0,0,,264,252,160,197,109,153,-0.9656,-0.9792,,,,-0.2999,0.7516,
Odilon Kossounou,Atalanta,DIF,CENTRALE,360.0,-0.2873,-0.108,-0.108,-0.108,-0.108,-0.2267,0.1463,13.4762,,,,,,,0,0.04,,-0.2,-0.04,0.01,0.0,0.7877,0.0,,25.7,0.6084,4,4,0,0,,265,264,168,197,142,153,-1.1992,-0.287,,,,-0.006,0.3461,
Gabriele Calvani,Frosinone,DIF,CENTRALE,347.0,-0.2883,-0.1671,-0.1671,-0.1671,-0.1671,-0.1661,0.1524,12.3116,,,,,,,0,0.17,,-0.4123,-0.17,0.044,0.0,0.9768,0.07,,22.68,0.7637,4,4,0,0,,266,245,157,197,33,153,-0.912,-0.7908,,,,-0.3946,1.0808,
Mathis Mout,Monza,CEN,MEZZALA,137.0,-0.2914,-0.1896,-0.1896,-0.1896,-0.1896,-0.2525,0.2423,10.6782,,,,,,,0,0.07,,-0.2646,-0.07,0.046,0.046,1.3285,0.225,,,,4,4,0,0,,267,278,83,197,298,153,-0.4692,-1.5318,,,,-0.4328,,
Gianluca Busio,Venezia,CEN,MEZZALA,313.0,-0.2935,-0.3833,-0.3833,-0.3833,-0.3833,-0.1467,0.2391,13.8551,,,,,,,0,0.32,,-0.5657,-0.32,0.092,0.0891,1.2515,0.1884,,24.3,0.7133,4,4,0,0,,268,235,87,197,95,153,-0.6123,-0.2877,,,,-0.7669,0.8664,
Alessandro Marcandalli,Genoa,DIF,CENTRALE,352.0,-0.295,-0.1033,-0.1033,-0.1033,-0.1033,-0.2217,0.1492,13.2946,,,,,,,0,0.0,,,0.0,0.0,0.0256,0.9362,0.1,,23.89,0.7325,4,4,0,0,,269,263,163,197,82,153,-1.0622,-0.3655,,,,,0.9332,
Boulaye Dia,Lazio,ATT,CENTRAVANTI,167.0,-0.2975,-0.2941,-0.2941,-0.2941,-0.2941,-0.2363,,,,,,,,,0,0.0,,,0.0,0.0,0.291,0.8829,0.0,,29.83,0.248,4,2,0,0,,270,273,238,197,248,153,,,,,,,-1.5322,
Yunus Musah,AC Milan,CEN,MEZZALA,312.0,-0.2989,-0.6039,-0.6039,-0.6039,-0.6039,-0.2093,0.2473,13.8356,,,,,,,0,0.6,0.0,-0.7746,-0.6,0.173,0.0087,0.9106,0.0,,23.8,0.7358,4,4,0,0,,271,262,82,72,79,153,-0.2518,-0.2954,,,-1.4141,-0.9986,0.9639,
Paul Mendy,Cagliari,ATT,CENTRAVANTI,284.0,-0.3063,0.0332,0.0332,0.0332,0.0332,-0.1855,0.4824,19.1429,,,,,,,1,1.12,0.893,-0.1134,-0.12,0.355,0.0222,1.2861,0.495,,19.67,0.7163,4,4,0,0,,272,256,47,44,92,153,-0.8783,0.1173,,,0.1062,0.1053,0.7978,
Juan Rodríguez,Cagliari,DIF,CENTRALE,338.0,-0.3082,-0.0777,-0.0777,-0.0777,-0.0777,-0.2064,0.148,12.4806,,,,,,,0,0.02,,-0.1414,-0.02,0.005,0.0133,1.2861,0.0,,21.3,0.7738,4,4,0,0,,273,261,166,197,23,153,-1.1204,-0.7177,,,,0.1013,1.1286,
Oliver Provstgaard,Lazio,DIF,CENTRALE,360.0,-0.3137,-0.145,-0.145,-0.145,-0.145,-0.2284,0.1487,11.1009,,,,,,,0,0.09,,-0.3,-0.09,0.022,0.005,1.0128,0.02,,23.29,0.7481,4,4,0,0,,274,265,164,197,51,153,-1.0844,-1.3146,,,,-0.189,1.007,
Eljif Elmas,Atalanta,ATT,ALA,107.0,-0.3216,-0.318,-0.318,-0.318,-0.318,-0.2336,,,,,,,,,0,0.0,,,0.0,0.0,0.0,0.7133,0.0,,26.98,0.4881,4,3,0,0,,275,270,238,197,177,153,,,,,,,-0.3376,
Tommaso Baldanzi,Genoa,ATT,TREQUARTISTA,264.0,-0.3293,-0.3355,-0.3355,-0.3355,-0.3355,-0.1591,0.4844,17.73,,,,,,,0,0.71,0.0,-0.8426,-0.71,0.242,0.0341,0.9362,0.7898,,23.49,0.7446,4,4,0,0,,276,241,43,72,60,153,-0.8141,-0.2348,,,-1.1619,-0.9743,0.9386,
Mario Pasalic,Atalanta,CEN,MEZZALA,177.0,-0.3344,-0.4721,-0.4721,-0.4721,-0.4721,-0.3202,0.2373,13.7369,,,,,,,0,0.0,,,0.0,0.0,0.0407,0.7877,0.0,,31.6,0.1717,4,4,0,0,,277,288,91,197,266,153,-0.6937,-0.334,,,,,-1.4806,
Omari Forson,Monza,ATT,TREQUARTISTA,93.0,-0.3409,-0.247,-0.247,-0.247,-0.247,-0.1584,0.4946,11.023,,,,,,,0,0.14,,-0.3742,-0.14,0.135,0.0677,1.3285,0.1385,,22.16,0.7764,4,4,0,0,,278,240,35,197,15,153,-0.4987,-1.9059,,,,-0.2808,1.0968,
Francisco Conceição,Juventus,ATT,ALA,302.0,-0.3606,-0.7238,-0.7238,-0.7238,-0.7238,-0.2498,0.5059,19.4045,,,,,,,0,1.11,0.0,-1.0536,-1.11,0.331,0.1818,1.0947,0.285,,23.76,0.7372,4,4,0,0,,279,277,29,72,78,153,-0.1459,0.1824,,,-1.1619,-1.2867,0.9018,
Lennon Miller,Udinese,CEN,MEZZALA,194.0,-0.363,-0.3352,-0.3352,-0.3352,-0.3352,-0.1682,0.2352,12.2312,,,,,,,0,0.07,,-0.2646,-0.07,0.032,0.0046,0.7911,0.0,,20.06,0.7335,4,4,0,0,,280,247,94,197,80,153,-0.7839,-0.9237,,,,-0.4328,0.954,
Kike Pérez,Venezia,CEN,MEZZALA,335.0,-0.3694,-0.2407,-0.2407,-0.2407,-0.2407,-0.3407,0.2373,13.9593,,,,,,,0,0.02,,-0.1414,-0.02,0.005,0.1693,1.2515,0.12,,29.59,0.2624,4,4,0,0,,281,289,90,197,240,153,-0.6914,-0.2469,,,,-0.2961,-1.0875,
Luka Modric,AC Milan,CEN,MEZZALA,244.0,-0.3773,-0.3073,-0.3073,-0.3073,-0.3073,-0.359,0.2366,11.8057,,,,,,,0,0.0,,,0.0,0.0,0.0885,0.9106,0.1125,,41.02,0.0318,4,4,1,23,,282,293,92,197,290,153,-0.7221,-1.0903,,,,,-2.0868,
Fedde Leysen,Sassuolo,DIF,CENTRALE,285.0,-0.3811,-0.2735,-0.2735,-0.2735,-0.2735,-0.2743,0.1547,11.175,,,,,,,0,0.0,,,0.0,0.0,0.0316,0.8195,0.0,,23.19,0.7492,4,4,0,0,,283,282,152,197,48,153,-0.8033,-1.2825,,,,,1.0122,
Mandela Keita,Parma Calcio 1913,CEN,MEZZALA,348.0,-0.392,-0.2566,-0.2566,-0.2566,-0.2566,-0.2383,0.2237,14.2055,,,,,,,0,0.02,,-0.1414,-0.02,0.005,0.0362,0.7042,0.1,,24.35,0.7106,4,4,0,0,,284,274,103,197,99,153,-1.2956,-0.1505,,,,-0.2961,0.8547,
Marco Brescianini,Fiorentina,CEN,MEZZALA,131.0,-0.393,-0.2669,-0.2669,-0.2669,-0.2669,-0.3066,0.2391,11.0156,,,,,,,0,0.02,,-0.1414,-0.02,0.014,0.0,1.0676,0.0,,26.66,0.5184,4,4,0,0,,285,287,88,197,164,153,-0.6142,-1.3997,,,,-0.2961,0.0218,
Pierre Kalulu Kyatengwa,Juventus,DIF,TERZINO,360.0,-0.4025,-0.1496,-0.1496,-0.1496,-0.1496,-0.3499,0.148,11.0175,,,,,,,0,0.08,,-0.2828,-0.08,0.02,0.005,1.0947,0.0,,26.28,0.5545,4,4,0,0,,286,291,165,197,149,153,-1.1192,-1.3506,,,,-0.1575,0.0912,
Kieron Bowie,Sassuolo,ATT,CENTRAVANTI,254.0,-0.4137,-0.4102,-0.4102,-0.4102,-0.4102,-0.2827,,,,,,,,,0,1.42,0.0,-1.1916,-1.42,0.503,0.2587,1.014,0.17,,23.99,0.7284,4,3,0,0,,287,283,238,72,86,153,,,,,-1.1619,-1.4911,0.858,
Jacopo Fazzini,Cagliari,ATT,ALA,249.0,-0.4249,-0.3721,-0.3721,-0.3721,-0.3721,-0.2493,0.4848,18.1317,,,,,,,0,0.16,,-0.4,-0.16,0.058,0.3108,1.2861,0.0,,23.5,0.7444,4,4,0,0,,288,276,42,197,61,153,-0.8023,-0.1347,,,,-0.319,0.9376,
Gvidas Gineitis,Torino,CEN,MEZZALA,281.0,-0.4663,-0.3934,-0.3934,-0.3934,-0.3934,-0.232,0.2293,13.5813,,,,,,,0,0.11,,-0.3317,-0.11,0.035,0.016,0.8331,0.0,,22.42,0.7715,4,4,0,0,,289,267,99,197,26,153,-1.0448,-0.395,,,,-0.5072,1.1187,
Santiago Pierotti,Lecce,ATT,ALA,291.0,-0.47,-0.4046,-0.4046,-0.4046,-0.4046,-0.3008,0.4879,16.8901,,,,,,,0,0.18,,-0.4243,-0.18,0.056,0.2598,0.9348,0.0,,25.45,0.6305,4,4,0,0,,290,286,39,197,134,153,-0.7062,-0.4441,,,,-0.355,0.3709,
Oumar Ngom,Lecce,CEN,MEZZALA,235.0,-0.477,-0.3321,-0.3321,-0.3321,-0.3321,-0.2651,0.2293,11.626,,,,,,,0,0.05,,-0.2236,-0.05,0.019,0.0077,0.9348,0.0,,22.52,0.7689,4,4,0,0,,291,280,98,197,28,153,-1.0445,-1.1607,,,,-0.3873,1.1074,
Joël Schingtienne,Venezia,DIF,CENTRALE,360.0,-0.4829,-0.2895,-0.2895,-0.2895,-0.2895,-0.357,0.1475,11.0925,,,,,,,0,0.0,,,0.0,0.0,0.025,1.2515,0.0,,24.09,0.724,4,4,0,0,,292,292,167,197,91,153,-1.1414,-1.3182,,,,,0.893,
Bryan Cristante,Roma,CEN,MEZZALA,335.0,-0.4961,-0.3829,-0.3829,-0.3829,-0.3829,-0.4546,0.2287,9.4554,,,,,,,0,0.36,,-0.6,-0.36,0.097,0.0134,1.3006,0.2215,,31.54,0.1735,4,4,0,0,,293,299,101,197,265,153,-1.0715,-2.0107,,,,-0.8049,-1.4728,
Kouadio Kone,Roma,CEN,MEZZALA,266.0,-0.5051,-0.4127,-0.4127,-0.4127,-0.4127,-0.3446,0.2377,9.6105,,,,,,,0,0.15,,-0.3873,-0.15,0.051,0.1015,1.3006,0.0,,25.33,0.6407,4,4,0,0,,294,290,89,197,129,153,-0.6745,-1.9499,,,,-0.5689,0.5518,
Jens Odgaard,Bologna,ATT,TREQUARTISTA,229.0,-0.509,-0.685,-0.685,-0.685,-0.685,-0.4377,0.4972,16.067,,,,,,,0,0.79,0.0,-0.8888,-0.79,0.31,0.059,0.9751,0.0,,27.46,0.4387,4,4,0,0,,295,297,33,72,196,153,-0.4178,-0.6491,,,-1.1619,-1.0427,-0.5834,
Gustav Isaksen,Lazio,ATT,ALA,150.0,-0.5291,-0.364,-0.364,-0.364,-0.364,-0.375,0.486,12.0354,,,,,,,0,0.21,,-0.4583,-0.21,0.126,0.048,1.0128,0.0,,25.41,0.6339,4,4,0,0,,296,294,40,197,130,153,-0.7644,-1.6537,,,,-0.4053,0.3878,
Morten Frendrup,Genoa,CEN,MEZZALA,360.0,-0.5357,-0.3863,-0.3863,-0.3863,-0.3863,-0.3827,0.2218,13.9193,,,,,,,0,0.07,,-0.2646,-0.07,0.018,0.0325,0.9362,0.0,,25.44,0.6313,4,4,0,0,,297,295,105,197,133,153,-1.3758,-0.2626,,,,-0.4328,0.5111,
Vitinha,Genoa,ATT,TREQUARTISTA,217.0,-0.541,-0.2313,-0.2313,-0.2313,-0.2313,-0.4495,0.4728,14.7314,,,,,,,0,0.33,,-0.5745,-0.33,0.137,0.0,0.9362,0.5824,,26.51,0.5326,4,4,0,0,,298,298,50,197,157,153,-1.1749,-0.9819,,,,-0.5774,-0.1162,
Konan N’Dri,Lecce,ATT,ALA,187.0,-0.5564,-0.3764,-0.3764,-0.3764,-0.3764,-0.4138,0.4737,12.3464,,,,,,,0,0.2,,-0.4472,-0.2,0.096,0.0,0.9348,0.0,,25.89,0.5911,4,4,0,0,,299,296,49,197,145,153,-1.148,-1.5762,,,,-0.3889,0.1749,
Akor Adams,Venezia,ATT,CENTRAVANTI,344.0,-0.56,-0.0279,-0.0279,-0.0279,-0.0279,-0.6038,0.4659,16.1485,,,,,,,1,1.05,0.952,-0.0488,-0.05,0.275,0.0052,1.2515,0.26,,30.18,0.2289,4,4,0,0,,300,304,52,40,250,153,-1.3901,-0.6288,,,0.19,0.201,-1.6273,
Nikola Vlasic,Torino,ATT,SECONDA_PUNTA,360.0,-0.588,-0.487,-0.487,-0.487,-0.487,-0.5498,0.4549,16.0641,,,,,,,0,0.28,,-0.5292,-0.28,0.07,0.07,0.8331,0.04,,28.95,0.3063,4,4,0,0,,301,301,55,197,231,153,-1.7342,-0.6499,,,,-0.5103,-1.2422,
Harry Winks,Cagliari,CEN,MEZZALA,329.0,-0.6276,-0.3943,-0.3943,-0.3943,-0.3943,-0.5922,0.219,12.5996,,,,,,,0,0.09,,-0.3,-0.09,0.025,0.0,1.2861,0.0,,,,4,4,0,0,,302,303,106,197,298,153,-1.5017,-0.7794,,,,-0.4721,,
Romano Schmid,Frosinone,ATT,TREQUARTISTA,287.0,-0.6646,-0.1057,-0.1057,-0.1057,-0.1057,-0.5082,0.4581,13.4318,,,,,,,0,0.0,,,0.0,0.0,0.116,0.9768,0.45,,20.25,0.7414,4,4,0,0,,303,300,54,197,70,153,-1.6331,-1.3057,,,,,0.9227,
Nicolò Cambiaghi,Bologna,ATT,ALA,308.0,-0.7577,-0.5545,-0.5545,-0.5545,-0.5545,-0.5656,0.4663,14.5513,,,,,,,0,0.42,,-0.6481,-0.42,0.123,0.0701,0.9751,0.0318,,25.72,0.6066,4,4,1,31,,304,302,51,197,143,153,-1.3791,-1.0268,,,,-0.6863,0.252,
Randal Kolo Muani,Juventus,ATT,CENTRAVANTI,360.0,-0.8206,-0.6885,-0.6885,-0.6885,-0.6885,-0.693,0.4638,15.5216,,,,,,,0,0.75,0.0,-0.866,-0.75,0.188,0.055,1.0947,0.14,,27.78,0.4071,4,4,0,0,,305,306,53,72,207,153,-1.4573,-0.785,,,-1.1619,-1.009,-0.7406,
El Bilal Touré,Parma Calcio 1913,ATT,SECONDA_PUNTA,320.0,-0.8691,-0.4469,-0.4469,-0.4469,-0.4469,-0.6669,0.4506,14.8547,,,,,,,0,0.25,,-0.5,-0.25,0.07,0.0028,0.7042,0.0482,,24.95,0.6709,4,4,0,0,,306,305,56,197,121,153,-1.8679,-0.9512,,,,-0.4671,0.5719,
